Page URL,Custom label
https://hacecuentas.com/,HOME;INDEX
https://hacecuentas.com/categoria/auto,CATEGORIA;AUTO
https://hacecuentas.com/categoria/automotor,CATEGORIA;AUTOMOTOR
https://hacecuentas.com/categoria/ciencia,CATEGORIA;CIENCIA
https://hacecuentas.com/categoria/cocina,CATEGORIA;COCINA
https://hacecuentas.com/categoria/construccion,CATEGORIA;CONSTRUCCION
https://hacecuentas.com/categoria/deportes,CATEGORIA;DEPORTES
https://hacecuentas.com/categoria/educacion,CATEGORIA;EDUCACION
https://hacecuentas.com/categoria/electronica,CATEGORIA;ELECTRONICA
https://hacecuentas.com/categoria/entretenimiento,CATEGORIA;ENTRETENIMIENTO
https://hacecuentas.com/categoria/finanzas,CATEGORIA;FINANZAS
https://hacecuentas.com/categoria/jardineria,CATEGORIA;JARDINERIA
https://hacecuentas.com/categoria/marketing,CATEGORIA;MARKETING
https://hacecuentas.com/categoria/mascotas,CATEGORIA;MASCOTAS
https://hacecuentas.com/categoria/matematica,CATEGORIA;MATEMATICA
https://hacecuentas.com/categoria/medio-ambiente,CATEGORIA;MEDIO-AMBIENTE
https://hacecuentas.com/categoria/negocios,CATEGORIA;NEGOCIOS
https://hacecuentas.com/categoria/salud,CATEGORIA;SALUD
https://hacecuentas.com/categoria/tecnologia,CATEGORIA;TECNOLOGIA
https://hacecuentas.com/categoria/viajes,CATEGORIA;VIAJES
https://hacecuentas.com/categoria/vida,CATEGORIA;VIDA
https://hacecuentas.com/calculadora-1rm-peso-maximo,CALCULADORA;DEPORTES
https://hacecuentas.com/calculadora-aceleracion-fuerza-masa,CALCULADORA;CIENCIA
https://hacecuentas.com/calculadora-adaptador-enchufe-voltaje-pais,CALCULADORA;VIAJES
https://hacecuentas.com/calculadora-afinacion-frecuencia-nota,CALCULADORA;ENTRETENIMIENTO
https://hacecuentas.com/calculadora-agua-consumo-hogar-ahorro,CALCULADORA;MEDIO-AMBIENTE
https://hacecuentas.com/calculadora-hidratacion-deportistas,CALCULADORA;DEPORTES
https://hacecuentas.com/calculadora-agua-diaria-necesaria,CALCULADORA;VIDA
https://hacecuentas.com/calculadora-agua-diaria-recomendada,CALCULADORA;SALUD
https://hacecuentas.com/calculadora-agua-jardin-consumo-mensual-m2,CALCULADORA;JARDINERIA
https://hacecuentas.com/calculadora-agua-pasta-litros-gramos,CALCULADORA;COCINA
https://hacecuentas.com/calculadora-aguinaldo-neto-mexico-isr-2026,CALCULADORA;FINANZAS
https://hacecuentas.com/calculadora-aguinaldo-mexico-2026,CALCULADORA;FINANZAS
https://hacecuentas.com/calculadora-aguinaldo-sac,CALCULADORA;FINANZAS;ARGENTINA
https://hacecuentas.com/calculadora-ahorro-bicicleta-vs-auto-mensual,CALCULADORA;VIDA
https://hacecuentas.com/calculadora-ahorro-cambiar-lamparas-led,CALCULADORA;VIDA
https://hacecuentas.com/calculadora-ahorro-dejar-cigarrillos,CALCULADORA;VIDA;ARGENTINA
https://hacecuentas.com/calculadora-ahorro-energia-solar-paneles,CALCULADORA;MEDIO-AMBIENTE
https://hacecuentas.com/calculadora-ahorro-hormiga-gasto-diario,CALCULADORA;FINANZAS
https://hacecuentas.com/calculadora-ahorro-led-vs-comun,CALCULADORA;VIDA
https://hacecuentas.com/calculadora-ahorro-meta-mensual,CALCULADORA;FINANZAS
https://hacecuentas.com/calculadora-ahorro-objetivo-mensual,CALCULADORA;FINANZAS
https://hacecuentas.com/calculadora-ahorro-termo-electrico-vs-gas,CALCULADORA;VIDA
https://hacecuentas.com/calculadora-ahorro-transporte-publico-vs-auto,CALCULADORA;MEDIO-AMBIENTE
https://hacecuentas.com/calculadora-aislacion-termica-r-value-zona,CALCULADORA;CONSTRUCCION
https://hacecuentas.com/calculadora-ajuste-sueldo-inflacion,CALCULADORA;FINANZAS
https://hacecuentas.com/calculadora-alambre-cerco-perimetral-metros,CALCULADORA;CONSTRUCCION
https://hacecuentas.com/calculadora-alcance-organico-vs-pago-redes,CALCULADORA;MARKETING
https://hacecuentas.com/calculadora-alcohol-sangre-bac-widmark,CALCULADORA;SALUD
https://hacecuentas.com/calculadora-alcohol-sangre-bac,CALCULADORA;SALUD;ARGENTINA
https://hacecuentas.com/calculadora-aleatorio-numero-dado,CALCULADORA;VIDA
https://hacecuentas.com/calculadora-alfombra-tamano-living-muebles,CALCULADORA;VIDA
https://hacecuentas.com/calculadora-alimentacion-complementaria,CALCULADORA;SALUD
https://hacecuentas.com/calculadora-almacenamiento-bytes-kb-mb-gb-tb,CALCULADORA;TECNOLOGIA
https://hacecuentas.com/calculadora-almacenamiento-juegos-gb,CALCULADORA;ENTRETENIMIENTO
https://hacecuentas.com/calculadora-actualizacion-alquiler-icl,CALCULADORA;FINANZAS
https://hacecuentas.com/calculadora-alquiler-vs-comprar,CALCULADORA;FINANZAS
https://hacecuentas.com/calculadora-amortizacion-prestamo-frances-aleman,CALCULADORA;FINANZAS
https://hacecuentas.com/calculadora-ancho-banda-descarga-tiempo,CALCULADORA;TECNOLOGIA
https://hacecuentas.com/calculadora-angel-guardian-fecha,CALCULADORA;VIDA
https://hacecuentas.com/calculadora-aniversario-pareja,CALCULADORA;VIDA
https://hacecuentas.com/calculadora-antiguedad-laboral,CALCULADORA;VIDA
https://hacecuentas.com/calculadora-arbol-frutal-produccion-kg-anual,CALCULADORA;JARDINERIA
https://hacecuentas.com/calculadora-arboles-compensar-co2-huella,CALCULADORA;MEDIO-AMBIENTE
https://hacecuentas.com/calculadora-area-perimetro-circulo-sector-circular,CALCULADORA;MATEMATICA
https://hacecuentas.com/calculadora-area-perimetro-figuras,CALCULADORA;VIDA
https://hacecuentas.com/calculadora-area-triangulo-vertices-coordenadas,CALCULADORA;MATEMATICA
https://hacecuentas.com/calculadora-arena-relleno-terreno-m3,CALCULADORA;CONSTRUCCION
https://hacecuentas.com/calculadora-arena-sanitaria-gato-kg-mes,CALCULADORA;MASCOTAS
https://hacecuentas.com/calculadora-ascendente-zodiacal,CALCULADORA;VIDA
https://hacecuentas.com/calculadora-attribution-modelo-primer-ultimo-click,CALCULADORA;MARKETING
https://hacecuentas.com/calculadora-audio-bitrate-tamano-mp3,CALCULADORA;TECNOLOGIA
https://hacecuentas.com/calculadora-balanceo-ecuacion-quimica,CALCULADORA;CIENCIA
https://hacecuentas.com/calculadora-bebidas-evento-litros-por-persona,CALCULADORA;COCINA
https://hacecuentas.com/calculadora-promedio-beca-argentina,CALCULADORA;EDUCACION
https://hacecuentas.com/calculadora-beca-porcentaje-descuento-cuota,CALCULADORA;EDUCACION
https://hacecuentas.com/calculadora-becas-porcentaje-cobertura,CALCULADORA;EDUCACION
https://hacecuentas.com/calculadora-beta-accion-riesgo-sistematico,CALCULADORA;FINANZAS
https://hacecuentas.com/calculadora-beta-hcg,CALCULADORA;SALUD
https://hacecuentas.com/calculadora-bienes-personales-simulacion-rapida-2026,CALCULADORA;FINANZAS
https://hacecuentas.com/calculadora-bienes-personales-2026,CALCULADORA;FINANZAS;ARGENTINA
https://hacecuentas.com/calculadora-biodegradacion-tiempo-materiales,CALCULADORA;MEDIO-AMBIENTE
https://hacecuentas.com/calculadora-biorhythm,CALCULADORA;VIDA
https://hacecuentas.com/calculadora-black-friday-descuento-real,CALCULADORA;VIDA
https://hacecuentas.com/calculadora-bloques-hormigon-por-m2-pared,CALCULADORA;CONSTRUCCION
https://hacecuentas.com/calculadora-metabolismo-basal-bmr-tdee,CALCULADORA;SALUD
https://hacecuentas.com/calculadora-bpm-tempo-cancion,CALCULADORA;ENTRETENIMIENTO
https://hacecuentas.com/calculadora-punto-equilibrio-break-even,CALCULADORA;NEGOCIOS
https://hacecuentas.com/calculadora-brecha-dolar-blue-mep-ccl-oficial,CALCULADORA;FINANZAS
https://hacecuentas.com/calculadora-burn-rate-runway-startup,CALCULADORA;NEGOCIOS
https://hacecuentas.com/calculadora-cafe-ratio-agua-gramos-metodo-preparacion,CALCULADORA;COCINA
https://hacecuentas.com/calculadora-cafeina-dosis-rendimiento,CALCULADORA;DEPORTES
https://hacecuentas.com/calculadora-caida-libre-tiempo-altura,CALCULADORA;CIENCIA
https://hacecuentas.com/calculadora-ad-frequency-impresiones,CALCULADORA;MARKETING
https://hacecuentas.com/calculadora-agua-perro-gato-diaria-ml,CALCULADORA;MASCOTAS
https://hacecuentas.com/calculadora-ahorro-led-vs-incandescente,CALCULADORA;VIDA
https://hacecuentas.com/calculadora-aire-acondicionado-frigorias-ambiente,CALCULADORA;CONSTRUCCION
https://hacecuentas.com/calculadora-amortizacion-auto-valor-residual,CALCULADORA;AUTOMOTOR
https://hacecuentas.com/calculadora-anion-gap-electrolitos,CALCULADORA;SALUD
https://hacecuentas.com/calculadora-anos-luz-distancia-conversion,CALCULADORA;VIDA
https://hacecuentas.com/calculadora-antiguedad-auto-amortizacion,CALCULADORA;VIDA
https://hacecuentas.com/calculadora-arena-grava-hormigon,CALCULADORA;CONSTRUCCION
https://hacecuentas.com/calculadora-arroz-agua-proporcion-coccion,CALCULADORA;COCINA
https://hacecuentas.com/calculadora-autonomia-tanque-combustible,CALCULADORA;AUTOMOTOR
https://hacecuentas.com/calculadora-cac-payback-months,CALCULADORA;NEGOCIOS
https://hacecuentas.com/calculadora-calefaccion-watts-kcal-ambiente,CALCULADORA;CONSTRUCCION
https://hacecuentas.com/calculadora-calorias-amamantar-extra,CALCULADORA;SALUD
https://hacecuentas.com/calculadora-calorias-caminando,CALCULADORA;SALUD
https://hacecuentas.com/calculadora-calorias-ciclismo-intensidad,CALCULADORA;DEPORTES
https://hacecuentas.com/calculadora-calorias-futbol-5-7-11,CALCULADORA;DEPORTES
https://hacecuentas.com/calculadora-calorias-natacion-estilo,CALCULADORA;DEPORTES
https://hacecuentas.com/calculadora-calorias-tenis-padel-jugador,CALCULADORA;DEPORTES
https://hacecuentas.com/calculadora-cambio-aceite-kilometraje,CALCULADORA;AUTOMOTOR
https://hacecuentas.com/calculadora-capacidad-tanque-cisterna-litros,CALCULADORA;CONSTRUCCION
https://hacecuentas.com/calculadora-cilindrada-motor-cc-litros,CALCULADORA;AUTOMOTOR
https://hacecuentas.com/calculadora-cintura-cadera-rcc,CALCULADORA;SALUD
https://hacecuentas.com/calculadora-comida-gato-diaria-gramos,CALCULADORA;MASCOTAS
https://hacecuentas.com/calculadora-comida-perro-diaria-gramos,CALCULADORA;MASCOTAS
https://hacecuentas.com/calculadora-comparar-nafta-vs-gnc-ahorro,CALCULADORA;AUTOMOTOR
https://hacecuentas.com/calculadora-consumo-agua-hogar-mensual,CALCULADORA;VIDA
https://hacecuentas.com/calculadora-consumo-nafta-litros-100km,CALCULADORA;AUTOMOTOR
https://hacecuentas.com/calculadora-conversion-litros-galones-onzas,CALCULADORA;VIDA
https://hacecuentas.com/calculadora-conversion-medidas-cocina-tazas-ml,CALCULADORA;COCINA
https://hacecuentas.com/calculadora-conversion-temperatura-clima,CALCULADORA;VIAJES
https://hacecuentas.com/calculadora-costo-mochilero-por-pais,CALCULADORA;VIAJES
https://hacecuentas.com/calculadora-costo-oportunidad-decision,CALCULADORA;FINANZAS
https://hacecuentas.com/calculadora-costo-por-kilometro-auto,CALCULADORA;AUTOMOTOR
https://hacecuentas.com/calculadora-costo-total-propiedad-auto-anual,CALCULADORA;AUTOMOTOR
https://hacecuentas.com/calculadora-cuotas-credito-mercado,CALCULADORA;VIDA
https://hacecuentas.com/calculadora-descuento-volumen-cantidad,CALCULADORA;NEGOCIOS
https://hacecuentas.com/calculadora-descuento-vuelo-millas-vs-cash,CALCULADORA;VIAJES
https://hacecuentas.com/calculadora-dias-laborables-habiles-entre-fechas,CALCULADORA;VIDA
https://hacecuentas.com/calculadora-dias-vacaciones-optimo,CALCULADORA;VIAJES
https://hacecuentas.com/calculadora-distancia-vuelo-2-ciudades,CALCULADORA;VIAJES
https://hacecuentas.com/calculadora-dividendos-yield-anual,CALCULADORA;FINANZAS
https://hacecuentas.com/calculadora-dosis-paracetamol-pediatrico,CALCULADORA;SALUD
https://hacecuentas.com/calculadora-ebitda-empresa,CALCULADORA;NEGOCIOS
https://hacecuentas.com/calculadora-edad-jubilacion-anos-aporte,CALCULADORA;VIDA;ARGENTINA
https://hacecuentas.com/calculadora-electricidad-cable-amperaje-seccion,CALCULADORA;CONSTRUCCION
https://hacecuentas.com/calculadora-emision-co2-auto-combustible,CALCULADORA;AUTOMOTOR
https://hacecuentas.com/calculadora-escala-eva-dolor,CALCULADORA;SALUD
https://hacecuentas.com/calculadora-escalera-pasos-huella-contrahuella,CALCULADORA;CONSTRUCCION
https://hacecuentas.com/calculadora-esperanza-vida-perro-raza,CALCULADORA;MASCOTAS
https://hacecuentas.com/calculadora-ffmi-indice-masa-libre-grasa,CALCULADORA;SALUD
https://hacecuentas.com/calculadora-filtrado-glomerular-tfg-creatinina,CALCULADORA;SALUD
https://hacecuentas.com/calculadora-financiacion-auto-cuota-prendario,CALCULADORA;AUTOMOTOR
https://hacecuentas.com/calculadora-fire-retiro-temprano,CALCULADORA;FINANZAS
https://hacecuentas.com/calculadora-fondo-emergencia-meses,CALCULADORA;FINANZAS
https://hacecuentas.com/calculadora-framingham-riesgo-cardiovascular,CALCULADORA;SALUD
https://hacecuentas.com/calculadora-frecuencia-respiratoria-normal,CALCULADORA;SALUD
https://hacecuentas.com/calculadora-freelance-hourly-rate,CALCULADORA;NEGOCIOS
https://hacecuentas.com/calculadora-ftp-watts-ciclismo,CALCULADORA;DEPORTES
https://hacecuentas.com/calculadora-gas-natural-consumo-m3,CALCULADORA;VIDA
https://hacecuentas.com/calculadora-glucemia-conversion-mg-dl-mmol-l,CALCULADORA;SALUD
https://hacecuentas.com/calculadora-gross-margin-vs-net,CALCULADORA;NEGOCIOS
https://hacecuentas.com/calculadora-hemoglobina-glicosilada-a1c-glucosa,CALCULADORA;SALUD
https://hacecuentas.com/calculadora-hierro-construccion-losa-m2,CALCULADORA;CONSTRUCCION
https://hacecuentas.com/calculadora-horario-llegada-zona-horaria,CALCULADORA;VIAJES
https://hacecuentas.com/calculadora-horas-de-sueno-por-edad,CALCULADORA;SALUD
https://hacecuentas.com/calculadora-indice-glucemico-alimentos,CALCULADORA;SALUD
https://hacecuentas.com/calculadora-indice-tobillo-brazo-itb,CALCULADORA;SALUD
https://hacecuentas.com/calculadora-interes-acumulado-tarjeta,CALCULADORA;FINANZAS
https://hacecuentas.com/calculadora-kilometros-auto-viaje-vs-avion-bus,CALCULADORA;VIAJES
https://hacecuentas.com/calculadora-levadura-fermentacion-pizza-pan,CALCULADORA;COCINA
https://hacecuentas.com/calculadora-ltv-customer-lifetime-value,CALCULADORA;NEGOCIOS
https://hacecuentas.com/calculadora-markup-vs-margen,CALCULADORA;NEGOCIOS
https://hacecuentas.com/calculadora-mcm-mcd-minimo-comun-multiplo,CALCULADORA;MATEMATICA
https://hacecuentas.com/calculadora-multa-transito-puntos-licencia,CALCULADORA;AUTOMOTOR;ARGENTINA
https://hacecuentas.com/calculadora-neumaticos-medida-equivalente,CALCULADORA;AUTOMOTOR
https://hacecuentas.com/calculadora-patente-auto-provincia,CALCULADORA;AUTOMOTOR
https://hacecuentas.com/calculadora-peaje-ruta-costo-total-viaje,CALCULADORA;AUTOMOTOR
https://hacecuentas.com/calculadora-pendiente-techo-grados-porcentaje,CALCULADORA;CONSTRUCCION
https://hacecuentas.com/calculadora-peso-ideal-gato-raza,CALCULADORA;MASCOTAS
https://hacecuentas.com/calculadora-plan-maraton-semanas-experiencia,CALCULADORA;DEPORTES
https://hacecuentas.com/calculadora-potencia-hp-kw-cv,CALCULADORA;AUTOMOTOR
https://hacecuentas.com/calculadora-presion-arterial-clasificacion,CALCULADORA;SALUD
https://hacecuentas.com/calculadora-presion-neumaticos-psi-bar,CALCULADORA;AUTOMOTOR
https://hacecuentas.com/calculadora-press-banca-relativo-peso-corporal,CALCULADORA;DEPORTES
https://hacecuentas.com/calculadora-proporcion-aurea-phi,CALCULADORA;VIDA
https://hacecuentas.com/calculadora-proporciones-receta,CALCULADORA;VIDA
https://hacecuentas.com/calculadora-raiz-cuadrada-cubica,CALCULADORA;MATEMATICA
https://hacecuentas.com/calculadora-regla-72-duplicar-dinero,CALCULADORA;FINANZAS
https://hacecuentas.com/calculadora-revoque-cemento-cal-arena,CALCULADORA;CONSTRUCCION
https://hacecuentas.com/calculadora-roi-inversion,CALCULADORA;FINANZAS
https://hacecuentas.com/calculadora-saturacion-oxigeno-evaluacion,CALCULADORA;SALUD
https://hacecuentas.com/calculadora-score-apgar-recien-nacido,CALCULADORA;SALUD
https://hacecuentas.com/calculadora-seguro-auto-estimacion-precio,CALCULADORA;AUTOMOTOR
https://hacecuentas.com/calculadora-share-of-voice-marketing,CALCULADORA;MARKETING
https://hacecuentas.com/calculadora-squat-deadlift-relativo-peso-corporal,CALCULADORA;DEPORTES
https://hacecuentas.com/calculadora-superficie-corporal-bsa-mosteller,CALCULADORA;SALUD
https://hacecuentas.com/calculadora-tasa-anual-equivalente-tea,CALCULADORA;FINANZAS
https://hacecuentas.com/calculadora-tejas-techo-m2,CALCULADORA;CONSTRUCCION
https://hacecuentas.com/calculadora-temperatura-corporal-fiebre,CALCULADORA;SALUD
https://hacecuentas.com/calculadora-temperatura-horno-celsius-fahrenheit-gas,CALCULADORA;COCINA
https://hacecuentas.com/calculadora-tiempo-conexion-aeropuerto-internacional,CALCULADORA;VIAJES
https://hacecuentas.com/calculadora-tiempo-vuelo-estimado-avion,CALCULADORA;VIAJES
https://hacecuentas.com/calculadora-transfer-auto-costo-registro,CALCULADORA;AUTOMOTOR
https://hacecuentas.com/calculadora-vacunas-perro-calendario-cachorro,CALCULADORA;MASCOTAS
https://hacecuentas.com/calculadora-valor-empresa-multiplo-ebitda,CALCULADORA;NEGOCIOS
https://hacecuentas.com/calculadora-valor-futuro-aporte-mensual,CALCULADORA;FINANZAS
https://hacecuentas.com/calculadora-valor-millas-viajero-frecuente,CALCULADORA;VIAJES
https://hacecuentas.com/calculadora-valor-presente-neto-vpn,CALCULADORA;FINANZAS
https://hacecuentas.com/calculadora-velocidad-maxima-relacion-potencia-peso,CALCULADORA;AUTOMOTOR
https://hacecuentas.com/calculadora-velocidad-natacion-100m-pace,CALCULADORA;DEPORTES
https://hacecuentas.com/calculadora-vida-utilizada-porcentaje,CALCULADORA;VIDA
https://hacecuentas.com/calculadora-vtv-vencimiento-turno,CALCULADORA;AUTOMOTOR
https://hacecuentas.com/calculadora-zonas-frecuencia-cardiaca-entrenamiento,CALCULADORA;DEPORTES
https://hacecuentas.com/calculadora-calefaccion-btu-necesarios-ambiente,CALCULADORA;CONSTRUCCION
https://hacecuentas.com/calculadora-calendario-estudio-parciales,CALCULADORA;EDUCACION
https://hacecuentas.com/calculadora-calidad-sueno-pittsburgh,CALCULADORA;VIDA
https://hacecuentas.com/calculadora-calorias-alimento-porcion,CALCULADORA;SALUD
https://hacecuentas.com/calculadora-calorias-basquet-intensidad,CALCULADORA;DEPORTES
https://hacecuentas.com/calculadora-calorias-bebida-alcoholica,CALCULADORA;COCINA
https://hacecuentas.com/calculadora-calorias-boxeo-artes-marciales,CALCULADORA;DEPORTES
https://hacecuentas.com/calculadora-calorias-ciclismo-watts,CALCULADORA;DEPORTES
https://hacecuentas.com/calculadora-calorias-crossfit-wod-hiit,CALCULADORA;DEPORTES
https://hacecuentas.com/calculadora-calorias-saltar-cuerda-minutos,CALCULADORA;DEPORTES
https://hacecuentas.com/calculadora-calorias-quemadas-deporte,CALCULADORA;DEPORTES
https://hacecuentas.com/calculadora-calorias-diarias-gato-peso-actividad,CALCULADORA;MASCOTAS
https://hacecuentas.com/calculadora-calorias-embarazo-trimestre,CALCULADORA;SALUD
https://hacecuentas.com/calculadora-calorias-escalada-boulder-muro,CALCULADORA;DEPORTES
https://hacecuentas.com/calculadora-calorias-subir-escaleras-pisos,CALCULADORA;SALUD
https://hacecuentas.com/calculadora-calorias-lactancia-produccion-leche,CALCULADORA;SALUD
https://hacecuentas.com/calculadora-calorias-lactancia,CALCULADORA;SALUD
https://hacecuentas.com/calculadora-calorias-diarias-perro-actividad,CALCULADORA;MASCOTAS
https://hacecuentas.com/calculadora-calorias-plato-argentino-tipico,CALCULADORA;COCINA
https://hacecuentas.com/calculadora-calorias-quemadas-ejercicio,CALCULADORA;DEPORTES
https://hacecuentas.com/calculadora-calorias-aproximadas-receta-plato,CALCULADORA;COCINA
https://hacecuentas.com/calculadora-calorias-remo-indoor-ergometro,CALCULADORA;DEPORTES
https://hacecuentas.com/calculadora-calorias-ski-snowboard-montaña,CALCULADORA;DEPORTES
https://hacecuentas.com/calculadora-calorias-quemadas-tareas-domesticas,CALCULADORA;SALUD
https://hacecuentas.com/calculadora-calorias-diarias-tdee,CALCULADORA;SALUD
https://hacecuentas.com/calculadora-calorias-quemadas-yoga-pilates,CALCULADORA;SALUD
https://hacecuentas.com/conversor-dolar-euro-pesos-argentinos,CALCULADORA;VIAJES
https://hacecuentas.com/calculadora-cano-estructural-peso-ml,CALCULADORA;CONSTRUCCION
https://hacecuentas.com/calculadora-almohadones-sofa-cantidad-decorativos,CALCULADORA;VIDA
https://hacecuentas.com/calculadora-cantidad-ventanas-luz-natural-m2,CALCULADORA;CONSTRUCCION
https://hacecuentas.com/calculadora-capacidad-credito-hipotecario,CALCULADORA;FINANZAS
https://hacecuentas.com/calculadora-tanque-agua-capacidad-personas,CALCULADORA;CONSTRUCCION
https://hacecuentas.com/calculadora-capacitor-carga-descarga-rc,CALCULADORA;ELECTRONICA
https://hacecuentas.com/calculadora-carbohidratos-durante-ejercicio,CALCULADORA;DEPORTES
https://hacecuentas.com/calculadora-carga-maxima-columna-hormigon,CALCULADORA;CONSTRUCCION
https://hacecuentas.com/calculadora-carne-asado-kg-por-persona,CALCULADORA;COCINA
https://hacecuentas.com/calculadora-carta-natal-basica,CALCULADORA;VIDA
https://hacecuentas.com/calculadora-castracion-edad-ideal-perro-gato,CALCULADORA;MASCOTAS
https://hacecuentas.com/calculadora-cedear-precio-teorico-ratio-conversion,CALCULADORA;FINANZAS
https://hacecuentas.com/calculadora-cedear-ratio-conversion-dolares,CALCULADORA;FINANZAS;ARGENTINA
https://hacecuentas.com/calculadora-cemento-arena-piedra-por-m3-hormigon,CALCULADORA;CONSTRUCCION
https://hacecuentas.com/calculadora-liquidacion-cesantias-colombia-2026,CALCULADORA;FINANZAS
https://hacecuentas.com/calculadora-cesantias-colombia-2026,CALCULADORA;FINANZAS
https://hacecuentas.com/calculadora-cesped-semillas-kg-m2,CALCULADORA;JARDINERIA
https://hacecuentas.com/calculadora-chi-cuadrado-independencia,CALCULADORA;MATEMATICA
https://hacecuentas.com/calculadora-churn-retencion-clientes,CALCULADORA;MARKETING
https://hacecuentas.com/calculadora-ciclo-menstrual,CALCULADORA;SALUD
https://hacecuentas.com/calculadora-ahorro-dejar-fumar,CALCULADORA;SALUD
https://hacecuentas.com/calculadora-indice-cintura-altura-whtr-riesgo,CALCULADORA;SALUD
https://hacecuentas.com/calculadora-citas-bibliograficas-formato-apa,CALCULADORA;EDUCACION
https://hacecuentas.com/calculadora-clearance-creatinina-cockcroft-gault,CALCULADORA;SALUD
https://hacecuentas.com/calculadora-clearance-creatinina-cockcroft,CALCULADORA;SALUD
https://hacecuentas.com/calculadora-codigo-color-hex-rgb,CALCULADORA;VIDA
https://hacecuentas.com/calculadora-codigo-lineas-estimacion-proyecto,CALCULADORA;TECNOLOGIA
https://hacecuentas.com/calculadora-coeficiente-variacion,CALCULADORA;MATEMATICA
https://hacecuentas.com/calculadora-color-cabello-tono-piel,CALCULADORA;SALUD
https://hacecuentas.com/calculadora-color-pared-combinacion-complementario,CALCULADORA;VIDA
https://hacecuentas.com/calculadora-combinaciones-permutaciones-factorial,CALCULADORA;MATEMATICA
https://hacecuentas.com/calculadora-comida-cachorro-gramos-edad,CALCULADORA;MASCOTAS
https://hacecuentas.com/calculadora-comida-gato-diaria,CALCULADORA;MASCOTAS
https://hacecuentas.com/calculadora-comida-perro-diaria,CALCULADORA;MASCOTAS
https://hacecuentas.com/calculadora-comision-venta-vendedor,CALCULADORA;NEGOCIOS
https://hacecuentas.com/calculadora-comparar-dos-inversiones-rendimiento,CALCULADORA;FINANZAS
https://hacecuentas.com/calculadora-compas-tiempo-pulso,CALCULADORA;ENTRETENIMIENTO
https://hacecuentas.com/calculadora-compatibilidad-nombres,CALCULADORA;VIDA
https://hacecuentas.com/calculadora-compatibilidad-numerologica,CALCULADORA;VIDA
https://hacecuentas.com/calculadora-compatibilidad-signos,CALCULADORA;VIDA
https://hacecuentas.com/calculadora-compost-proporcion-carbono-nitrogeno,CALCULADORA;JARDINERIA
https://hacecuentas.com/calculadora-compostaje-residuos-organicos,CALCULADORA;MEDIO-AMBIENTE
https://hacecuentas.com/calculadora-concentracion-molar-solucion,CALCULADORA;CIENCIA
https://hacecuentas.com/calculadora-configuracion-pc-bottleneck,CALCULADORA;ENTRETENIMIENTO
https://hacecuentas.com/calculadora-consumo-agua-mensual,CALCULADORA;VIDA
https://hacecuentas.com/calculadora-consumo-datos-moviles-streaming,CALCULADORA;TECNOLOGIA
https://hacecuentas.com/calculadora-consumo-electricidad-electrodomestico,CALCULADORA;VIDA
https://hacecuentas.com/calculadora-consumo-electrico-aparato-kwh-mes,CALCULADORA;ELECTRONICA
https://hacecuentas.com/calculadora-consumo-electrico-pc-gamer-watts,CALCULADORA;TECNOLOGIA
https://hacecuentas.com/calculadora-consumo-electrico-kwh-factura-luz,CALCULADORA;VIDA
https://hacecuentas.com/calculadora-consumo-electrodomestico-kwh-mes,CALCULADORA;VIDA
https://hacecuentas.com/calculadora-contenido-calendario-mensual,CALCULADORA;ENTRETENIMIENTO
https://hacecuentas.com/calculadora-contracciones-parto,CALCULADORA;SALUD
https://hacecuentas.com/calculadora-conversion-bases-numericas-binario-hex,CALCULADORA;MATEMATICA
https://hacecuentas.com/calculadora-conversion-colesterol-mg-mmol,CALCULADORA;SALUD
https://hacecuentas.com/calculadora-conversion-cripto-pesos-argentinos,CALCULADORA;FINANZAS
https://hacecuentas.com/calculadora-conversion-grados-radianes-gradianes,CALCULADORA;MATEMATICA
https://hacecuentas.com/calculadora-conversion-peso-volumen-ingredientes-cocina,CALCULADORA;COCINA
https://hacecuentas.com/calculadora-conversion-porcentaje-fraccion-decimal,CALCULADORA;MATEMATICA
https://hacecuentas.com/calculadora-conversion-tna-tem-tea,CALCULADORA;FINANZAS
https://hacecuentas.com/calculadora-conversiones-tazas-gramos-ingrediente,CALCULADORA;COCINA
https://hacecuentas.com/calculadora-conversor-binario-decimal,CALCULADORA;VIDA
https://hacecuentas.com/conversor-celsius-fahrenheit-temperatura,CALCULADORA;VIDA
https://hacecuentas.com/conversor-kilogramos-libras-onzas,CALCULADORA;VIDA
https://hacecuentas.com/conversor-litros-galones-mililitros,CALCULADORA;VIDA
https://hacecuentas.com/conversor-metros-cuadrados-hectareas-acres,CALCULADORA;VIDA
https://hacecuentas.com/conversor-moneda-dolar-peso-real-latam,CALCULADORA;FINANZAS
https://hacecuentas.com/conversor-pulgadas-centimetros-metros,CALCULADORA;VIDA
https://hacecuentas.com/conversor-unidades-longitud-peso-volumen-temperatura,CALCULADORA;VIDA
https://hacecuentas.com/calculadora-correccion-calcio-albumina,CALCULADORA;SALUD
https://hacecuentas.com/calculadora-correccion-sodio-glucemia,CALCULADORA;SALUD
https://hacecuentas.com/calculadora-correlacion-pearson,CALCULADORA;MATEMATICA
https://hacecuentas.com/calculadora-cortina-medida-ventana-tamano,CALCULADORA;VIDA
https://hacecuentas.com/calculadora-costo-aire-acondicionado-hora,CALCULADORA;VIDA
https://hacecuentas.com/calculadora-costo-almacenamiento-inventario,CALCULADORA;NEGOCIOS
https://hacecuentas.com/calculadora-costo-boda-argentina,CALCULADORA;VIDA;ARGENTINA
https://hacecuentas.com/calculadora-costo-calefaccion-invierno,CALCULADORA;VIDA
https://hacecuentas.com/calculadora-costo-carrera-total,CALCULADORA;EDUCACION
https://hacecuentas.com/calculadora-costo-carrera-privada,CALCULADORA;EDUCACION;ARGENTINA
https://hacecuentas.com/calculadora-costo-cloud-servidor-mensual,CALCULADORA;TECNOLOGIA
https://hacecuentas.com/calculadora-costo-envio-compra-exterior,CALCULADORA;FINANZAS
https://hacecuentas.com/calculadora-costo-envio-paquete-ecommerce,CALCULADORA;NEGOCIOS
https://hacecuentas.com/calculadora-costo-estacionamiento-aeropuerto-dias,CALCULADORA;VIAJES
https://hacecuentas.com/calculadora-costo-financiero-total-cft,CALCULADORA;FINANZAS
https://hacecuentas.com/calculadora-costo-fiv-argentina,CALCULADORA;SALUD;ARGENTINA
https://hacecuentas.com/calculadora-costo-gaming-por-hora,CALCULADORA;ENTRETENIMIENTO
https://hacecuentas.com/calculadora-costo-hijo-mensual,CALCULADORA;VIDA
https://hacecuentas.com/calculadora-costo-hijo-primer-ano,CALCULADORA;VIDA;ARGENTINA
https://hacecuentas.com/calculadora-costo-hora-empleado-real,CALCULADORA;NEGOCIOS
https://hacecuentas.com/calculadora-costo-km-auto,CALCULADORA;VIDA
https://hacecuentas.com/calculadora-costo-laboral-empleado,CALCULADORA;NEGOCIOS;ARGENTINA
https://hacecuentas.com/calculadora-costo-lavado-ropa-lavadora-vs-lavanderia,CALCULADORA;VIDA
https://hacecuentas.com/calculadora-costo-m2-construccion-argentina,CALCULADORA;CONSTRUCCION;ARGENTINA
https://hacecuentas.com/calculadora-costo-mantenimiento-hogar-anual,CALCULADORA;VIDA
https://hacecuentas.com/calculadora-costo-mascota-mensual,CALCULADORA;MASCOTAS
https://hacecuentas.com/calculadora-costo-mensual-mascota-perro-gato,CALCULADORA;MASCOTAS
https://hacecuentas.com/calculadora-costo-mascota-primer-ano,CALCULADORA;VIDA
https://hacecuentas.com/calculadora-costo-mascota-vida-util,CALCULADORA;VIDA
https://hacecuentas.com/calculadora-costo-material-estudio-cuatrimestre,CALCULADORA;EDUCACION
https://hacecuentas.com/calculadora-costo-medianera-muro-lindero,CALCULADORA;CONSTRUCCION
https://hacecuentas.com/calculadora-costo-estimado-mudanza,CALCULADORA;VIDA
https://hacecuentas.com/calculadora-costo-peaje-ruta,CALCULADORA;AUTO;ARGENTINA
https://hacecuentas.com/calculadora-costo-por-lead-cpl-marketing,CALCULADORA;MARKETING
https://hacecuentas.com/calculadora-costo-por-view-cpv-video,CALCULADORA;MARKETING
https://hacecuentas.com/calculadora-costo-real-cuotas-vs-contado,CALCULADORA;FINANZAS
https://hacecuentas.com/calculadora-costo-receta-precio-por-porcion,CALCULADORA;COCINA
https://hacecuentas.com/calculadora-costo-roaming-datos-exterior,CALCULADORA;VIAJES
https://hacecuentas.com/calculadora-costo-supermercado-canasta-basica,CALCULADORA;VIDA
https://hacecuentas.com/calculadora-costo-suscripciones-mensual,CALCULADORA;ENTRETENIMIENTO
https://hacecuentas.com/calculadora-costo-total-empleado-empresa-argentina,CALCULADORA;NEGOCIOS;ARGENTINA
https://hacecuentas.com/calculadora-costo-gas-fee-ethereum-2026,CALCULADORA;FINANZAS
https://hacecuentas.com/calculadora-costo-universidad-privada-cuota,CALCULADORA;EDUCACION
https://hacecuentas.com/calculadora-costo-veterinario-consulta-promedio,CALCULADORA;MASCOTAS;ARGENTINA
https://hacecuentas.com/calculadora-cpa-cac-ltv,CALCULADORA;MARKETING
https://hacecuentas.com/calculadora-cpm-cpc-conversion-ads,CALCULADORA;ENTRETENIMIENTO
https://hacecuentas.com/calculadora-creatina-dosis-carga-mantenimiento,CALCULADORA;DEPORTES
https://hacecuentas.com/calculadora-crecimiento-seguidores-proyeccion,CALCULADORA;ENTRETENIMIENTO
https://hacecuentas.com/calculadora-credito-uva-cuota-actual,CALCULADORA;FINANZAS
https://hacecuentas.com/calculadora-credito-uva-vs-tasa-fija,CALCULADORA;FINANZAS
https://hacecuentas.com/calculadora-creditos-restantes-carrera,CALCULADORA;EDUCACION
https://hacecuentas.com/calculadora-creditos-universitarios-avance,CALCULADORA;EDUCACION
https://hacecuentas.com/calculadora-cts-peru-compensacion-tiempo-servicios-2026,CALCULADORA;FINANZAS
https://hacecuentas.com/calculadora-cuadro-altura-colgar-pared,CALCULADORA;VIDA
https://hacecuentas.com/calculadora-materias-faltan-recibirte,CALCULADORA;EDUCACION;ARGENTINA
https://hacecuentas.com/calculadora-cuanto-cobro-por-hora-freelance,CALCULADORA;NEGOCIOS;ARGENTINA
https://hacecuentas.com/calculadora-cuantos-dias-faltan-Navidad-2026,CALCULADORA;VIDA
https://hacecuentas.com/calculadora-cuanto-gano-por-segundo,CALCULADORA;VIDA
https://hacecuentas.com/calculadora-cuanto-gasto-en-delivery,CALCULADORA;VIDA;ARGENTINA
https://hacecuentas.com/calculadora-cuanto-vale-mi-tiempo,CALCULADORA;VIDA
https://hacecuentas.com/calculadora-cuenta-regresiva-dias-faltan,CALCULADORA;VIDA
https://hacecuentas.com/calculadora-cuenta-regresiva-dias-hasta-fecha,CALCULADORA;VIDA
https://hacecuentas.com/calculadora-cuerda-guitarra-tension,CALCULADORA;ENTRETENIMIENTO
https://hacecuentas.com/calculadora-12-cuotas-sin-interes,CALCULADORA;FINANZAS
https://hacecuentas.com/calculadora-cuota-alimentaria-estimacion,CALCULADORA;FINANZAS;ARGENTINA
https://hacecuentas.com/calculadora-cuota-alimentaria-hijos,CALCULADORA;VIDA
https://hacecuentas.com/calculadora-cuota-sindical-descuento-sueldo,CALCULADORA;FINANZAS;ARGENTINA
https://hacecuentas.com/calculadora-cuotas-sin-interes-costo-real-inflacion,CALCULADORA;FINANZAS
https://hacecuentas.com/calculadora-cuotas-sin-interes-precio,CALCULADORA;FINANZAS
https://hacecuentas.com/calculadora-customer-effort-score-ces,CALCULADORA;MARKETING
https://hacecuentas.com/calculadora-decibelios-distancia-sonido,CALCULADORA;ENTRETENIMIENTO
https://hacecuentas.com/calculadora-deck-madera-tablas-tornillos,CALCULADORA;CONSTRUCCION
https://hacecuentas.com/calculadora-deficit-calorico-semanal,CALCULADORA;DEPORTES
https://hacecuentas.com/calculadora-deficit-calorico-perder-peso,CALCULADORA;SALUD
https://hacecuentas.com/calculadora-delay-tiempo-ms-bpm,CALCULADORA;ENTRETENIMIENTO
https://hacecuentas.com/calculadora-depreciacion-activos-linea-recta,CALCULADORA;NEGOCIOS
https://hacecuentas.com/calculadora-depresion-posparto-test,CALCULADORA;SALUD
https://hacecuentas.com/calculadora-derivada-funcion-basica,CALCULADORA;MATEMATICA
https://hacecuentas.com/calculadora-desarrollo-motor-bebe,CALCULADORA;SALUD
https://hacecuentas.com/calculadora-descanso-entre-series-gimnasio,CALCULADORA;DEPORTES
https://hacecuentas.com/calculadora-descenso-futbol-argentino-promedios,CALCULADORA;DEPORTES
https://hacecuentas.com/calculadora-descuento-porcentaje-precio,CALCULADORA;VIDA
https://hacecuentas.com/calculadora-descuento-precio-final,CALCULADORA;NEGOCIOS
https://hacecuentas.com/calculadora-desviacion-estandar-varianza-datos,CALCULADORA;MATEMATICA
https://hacecuentas.com/calculadora-determinante-inversa-matriz-2x2,CALCULADORA;MATEMATICA
https://hacecuentas.com/calculadora-deuda-avalancha-vs-bola-nieve-comparar,CALCULADORA;FINANZAS
https://hacecuentas.com/calculadora-deuda-bola-nieve,CALCULADORA;FINANZAS
https://hacecuentas.com/calculadora-deuda-tarjeta-pago-minimo-meses,CALCULADORA;FINANZAS
https://hacecuentas.com/calculadora-dia-nacimiento-semana,CALCULADORA;VIDA
https://hacecuentas.com/calculadora-diametro-caneria-agua-caudal,CALCULADORA;CONSTRUCCION
https://hacecuentas.com/dias-entre-dos-fechas,CALCULADORA;VIDA
https://hacecuentas.com/calculadora-dias-ideales-viaje-destino,CALCULADORA;VIAJES
https://hacecuentas.com/calculadora-dias-juntos-pareja,CALCULADORA;VIDA
https://hacecuentas.com/calculadora-dias-promedio-pago-proveedores-dpp,CALCULADORA;NEGOCIOS
https://hacecuentas.com/calculadora-dias-vacaciones-ley,CALCULADORA;VIDA;ARGENTINA
https://hacecuentas.com/calculadora-dientes-bebe-cronologia,CALCULADORA;SALUD
https://hacecuentas.com/calculadora-diferencia-horaria-ciudades-paises,CALCULADORA;VIAJES
https://hacecuentas.com/calculadora-dilatacion-termica-longitud,CALCULADORA;CIENCIA
https://hacecuentas.com/calculadora-dilucion-solucion-c1v1,CALCULADORA;CIENCIA
https://hacecuentas.com/calculadora-distancia-entre-dos-puntos-2d-3d,CALCULADORA;MATEMATICA
https://hacecuentas.com/calculadora-distancia-entre-plantas-espaciado,CALCULADORA;JARDINERIA
https://hacecuentas.com/calculadora-distancia-estrella-parsec,CALCULADORA;CIENCIA
https://hacecuentas.com/calculadora-distancia-focal-equivalente,CALCULADORA;ENTRETENIMIENTO
https://hacecuentas.com/calculadora-distancia-recorrida-futbol-jugador,CALCULADORA;DEPORTES
https://hacecuentas.com/calculadora-distribucion-muebles-porcentaje-libre,CALCULADORA;VIDA
https://hacecuentas.com/calculadora-distribucion-normal-area,CALCULADORA;MATEMATICA
https://hacecuentas.com/calculadora-diversificacion-portafolio-correlacion,CALCULADORA;FINANZAS
https://hacecuentas.com/calculadora-dividend-yield-rendimiento-dividendo,CALCULADORA;FINANZAS
https://hacecuentas.com/calculadora-dividir-cuenta-amigos,CALCULADORA;VIDA
https://hacecuentas.com/calculadora-division-bienes-divorcio,CALCULADORA;VIDA;ARGENTINA
https://hacecuentas.com/calculadora-divisor-tension-resistivo,CALCULADORA;ELECTRONICA
https://hacecuentas.com/conversor-dolar-argentina,CALCULADORA;FINANZAS;ARGENTINA
https://hacecuentas.com/calculadora-dolar-blue-vs-oficial-brecha,CALCULADORA;FINANZAS;ARGENTINA
https://hacecuentas.com/calculadora-dca-dollar-cost-averaging-cripto,CALCULADORA;FINANZAS
https://hacecuentas.com/calculadora-dosis-acido-folico,CALCULADORA;SALUD
https://hacecuentas.com/calculadora-dosis-amoxicilina-pediatrica-peso,CALCULADORA;SALUD
https://hacecuentas.com/calculadora-dosis-antiparasitario-perro-gato-peso,CALCULADORA;MASCOTAS
https://hacecuentas.com/calculadora-dosis-antipulgas-peso-mascota,CALCULADORA;MASCOTAS
https://hacecuentas.com/calculadora-dosis-ibuprofeno-pediatrico,CALCULADORA;SALUD
https://hacecuentas.com/calculadora-dosis-ibuprofeno-peso-edad,CALCULADORA;SALUD
https://hacecuentas.com/calculadora-dosis-medicamento-mascota-por-peso,CALCULADORA;MASCOTAS
https://hacecuentas.com/calculadora-dosis-paracetamol-peso,CALCULADORA;SALUD
https://hacecuentas.com/calculadora-dosis-vitamina-d-diaria-recomendada,CALCULADORA;SALUD
https://hacecuentas.com/calculadora-dps-damage-per-second,CALCULADORA;ENTRETENIMIENTO
https://hacecuentas.com/calculadora-drawdown-maximo-caida-inversion,CALCULADORA;FINANZAS
https://hacecuentas.com/calculadora-dso-dias-promedio-cobro,CALCULADORA;NEGOCIOS
https://hacecuentas.com/calculadora-duracion-bateria-mah-consumo,CALCULADORA;TECNOLOGIA
https://hacecuentas.com/calculadora-duracion-carrera-materias-por-cuatrimestre,CALCULADORA;EDUCACION
https://hacecuentas.com/calculadora-duracion-carrera-universidad,CALCULADORA;EDUCACION;ARGENTINA
https://hacecuentas.com/calculadora-ecuacion-cuadratica-formula-resolvente,CALCULADORA;MATEMATICA
https://hacecuentas.com/calculadora-edad-cachorro-humano,CALCULADORA;MASCOTAS
https://hacecuentas.com/calculadora-edad-humana-conejo-anos,CALCULADORA;MASCOTAS
https://hacecuentas.com/calculadora-edad-corregida-prematuro,CALCULADORA;SALUD
https://hacecuentas.com/calculadora-edad-en-dias,CALCULADORA;VIDA
https://hacecuentas.com/calculadora-edad-en-semanas,CALCULADORA;VIDA
https://hacecuentas.com/calculadora-edad-exacta,CALCULADORA;VIDA
https://hacecuentas.com/calculadora-edad-gato-humano,CALCULADORA;MASCOTAS
https://hacecuentas.com/calculadora-edad-gato-anos-humanos,CALCULADORA;MASCOTAS
https://hacecuentas.com/calculadora-edad-humana-hamster-anos,CALCULADORA;MASCOTAS
https://hacecuentas.com/calculadora-edad-ideal-pareja,CALCULADORA;VIDA
https://hacecuentas.com/calculadora-edad-metabolica,CALCULADORA;SALUD
https://hacecuentas.com/calculadora-edad-perro-humano,CALCULADORA;MASCOTAS
https://hacecuentas.com/calculadora-edad-perro-anos-humanos,CALCULADORA;MASCOTAS
https://hacecuentas.com/calculadora-edad-planeta,CALCULADORA;VIDA
https://hacecuentas.com/calculadora-edad-sol-vida-restante,CALCULADORA;CIENCIA
https://hacecuentas.com/calculadora-edad-exacta,CALCULADORA;VIDA
https://hacecuentas.com/calculadora-efecto-doppler-frecuencia,CALCULADORA;CIENCIA
https://hacecuentas.com/calculadora-elemento-zodiacal,CALCULADORA;VIDA
https://hacecuentas.com/calculadora-embarazo-gemelar,CALCULADORA;SALUD
https://hacecuentas.com/calculadora-embarazo,CALCULADORA;SALUD
https://hacecuentas.com/calculadora-embargo-sueldo-maximo,CALCULADORA;FINANZAS
https://hacecuentas.com/calculadora-embargo-sueldo-porcentaje-maximo,CALCULADORA;FINANZAS;ARGENTINA
https://hacecuentas.com/calculadora-energia-cinetica-joules,CALCULADORA;CIENCIA
https://hacecuentas.com/calculadora-energia-pc-gaming-costo-mes,CALCULADORA;ENTRETENIMIENTO
https://hacecuentas.com/calculadora-energia-potencial-gravitatoria,CALCULADORA;CIENCIA
https://hacecuentas.com/calculadora-engagement-rate-instagram,CALCULADORA;ENTRETENIMIENTO
https://hacecuentas.com/calculadora-engagement-rate-redes-sociales,CALCULADORA;MARKETING
https://hacecuentas.com/calculadora-entalpia-reaccion-hess,CALCULADORA;CIENCIA
https://hacecuentas.com/calculadora-equipaje-vuelo-kg-lb-limites,CALCULADORA;VIAJES
https://hacecuentas.com/calculadora-ergonomia-escritorio-medidas,CALCULADORA;VIDA
https://hacecuentas.com/calculadora-escala-dolor-numerica,CALCULADORA;SALUD
https://hacecuentas.com/calculadora-escala-glasgow-nivel-conciencia,CALCULADORA;SALUD
https://hacecuentas.com/calculadora-escape-room-probabilidad,CALCULADORA;ENTRETENIMIENTO
https://hacecuentas.com/calculadora-espacio-backup-crecimiento-mensual,CALCULADORA;TECNOLOGIA
https://hacecuentas.com/calculadora-espejo-tamano-pared-ideal,CALCULADORA;VIDA
https://hacecuentas.com/calculadora-esperanza-vida-gato-raza-indoor,CALCULADORA;MASCOTAS
https://hacecuentas.com/calculadora-espesor-vidrio-ventana-m2,CALCULADORA;CONSTRUCCION
https://hacecuentas.com/calculadora-estante-peso-maximo-material,CALCULADORA;CONSTRUCCION
https://hacecuentas.com/calculadora-estatura-adulta-hijo,CALCULADORA;SALUD
https://hacecuentas.com/calculadora-estimador-costo-viaje-taxi-remis,CALCULADORA;VIDA
https://hacecuentas.com/calculadora-evaluacion-hidratacion-diaria,CALCULADORA;SALUD
https://hacecuentas.com/calculadora-expectativa-vida,CALCULADORA;VIDA
https://hacecuentas.com/calculadora-expensas-departamento-estimado,CALCULADORA;VIDA
https://hacecuentas.com/calculadora-expensas-vs-alquiler-ratio,CALCULADORA;FINANZAS
https://hacecuentas.com/calculadora-experiencia-nivel-mmorpg,CALCULADORA;ENTRETENIMIENTO
https://hacecuentas.com/calculadora-exposicion-ruido-decibeles-segura,CALCULADORA;VIDA
https://hacecuentas.com/calculadora-exposicion-sol-vitamina-d,CALCULADORA;SALUD
https://hacecuentas.com/calculadora-exposicion-triangulo,CALCULADORA;ENTRETENIMIENTO
https://hacecuentas.com/calculadora-factorial-combinatoria-permutaciones,CALCULADORA;MATEMATICA
https://hacecuentas.com/calculadora-factura-gas-estimada,CALCULADORA;VIDA
https://hacecuentas.com/calculadora-factura-luz-estimada,CALCULADORA;VIDA
https://hacecuentas.com/calculadora-facturacion-maxima-monotributo-vs-ri,CALCULADORA;FINANZAS;ARGENTINA
https://hacecuentas.com/calculadora-facturacion-minima-negocio,CALCULADORA;NEGOCIOS
https://hacecuentas.com/calculadora-fecha-10000-dias,CALCULADORA;VIDA
https://hacecuentas.com/calculadora-fecha-boda-ideal,CALCULADORA;VIDA
https://hacecuentas.com/calculadora-fecha-celo-perra,CALCULADORA;MASCOTAS
https://hacecuentas.com/calculadora-fecha-probable-concepcion,CALCULADORA;SALUD
https://hacecuentas.com/calculadora-fecha-probable-parto,CALCULADORA;SALUD
https://hacecuentas.com/calculadora-fecha-probable-parto-ecografia,CALCULADORA;SALUD
https://hacecuentas.com/calculadora-proximo-periodo-menstrual,CALCULADORA;SALUD
https://hacecuentas.com/calculadora-feng-shui-bagua-mapa-orientacion,CALCULADORA;VIDA
https://hacecuentas.com/calculadora-feriados-argentina-2026-calendario,CALCULADORA;VIDA;ARGENTINA
https://hacecuentas.com/calculadora-tiempo-fermentacion-masa-temperatura,CALCULADORA;COCINA
https://hacecuentas.com/calculadora-fertilidad-masculina-edad,CALCULADORA;SALUD
https://hacecuentas.com/calculadora-fertilizante-npk-dosis-m2,CALCULADORA;JARDINERIA
https://hacecuentas.com/calculadora-sucesion-fibonacci-termino-n,CALCULADORA;MATEMATICA
https://hacecuentas.com/calculadora-filtro-agua-cambio-frecuencia,CALCULADORA;VIDA
https://hacecuentas.com/calculadora-filtro-nd-pasos-exposicion,CALCULADORA;ENTRETENIMIENTO
https://hacecuentas.com/calculadora-finiquito-liquidacion-mexico-2026,CALCULADORA;FINANZAS
https://hacecuentas.com/calculadora-flash-numero-guia-distancia,CALCULADORA;ENTRETENIMIENTO
https://hacecuentas.com/calculadora-flujo-caja-libre-fcf,CALCULADORA;NEGOCIOS
https://hacecuentas.com/calculadora-foco-led-equivalencia-watts-lumens,CALCULADORA;VIDA
https://hacecuentas.com/calculadora-fondo-emergencia-ideal-meses,CALCULADORA;FINANZAS
https://hacecuentas.com/calculadora-fondo-emergencia,CALCULADORA;FINANZAS
https://hacecuentas.com/calculadora-formula-citacion-apa,CALCULADORA;EDUCACION
https://hacecuentas.com/calculadora-fps-frames-por-segundo-juego,CALCULADORA;TECNOLOGIA
https://hacecuentas.com/calculadora-fps-ideal-monitor-hz,CALCULADORA;ENTRETENIMIENTO
https://hacecuentas.com/calculadora-fracciones-suma-resta-multiplicacion-division,CALCULADORA;MATEMATICA
https://hacecuentas.com/calculadora-frecuencia-bano-perro-raza-tipo-pelo,CALCULADORA;MASCOTAS
https://hacecuentas.com/calculadora-fc-maxima-zonas-karvonen,CALCULADORA;DEPORTES
https://hacecuentas.com/calculadora-frecuencia-cardiaca-maxima-edad,CALCULADORA;SALUD
https://hacecuentas.com/calculadora-frecuencia-cardiaca-zonas-entrenamiento,CALCULADORA;SALUD
https://hacecuentas.com/calculadora-frecuencia-corte-unas-perro-gato,CALCULADORA;MASCOTAS
https://hacecuentas.com/calculadora-frecuencia-entrenamiento-supercompensacion,CALCULADORA;DEPORTES
https://hacecuentas.com/calculadora-frecuencia-longitud-onda,CALCULADORA;ELECTRONICA
https://hacecuentas.com/calculadora-frecuencia-publicacion-redes-sociales,CALCULADORA;MARKETING
https://hacecuentas.com/calculadora-freelance-tarifa-hora,CALCULADORA;FINANZAS
https://hacecuentas.com/calculadora-fumigacion-frecuencia-hogar-plaga,CALCULADORA;VIDA
https://hacecuentas.com/calculadora-fusible-amperaje-cable-seccion,CALCULADORA;ELECTRONICA
https://hacecuentas.com/calculadora-ganancia-perdida-criptomonedas,CALCULADORA;FINANZAS
https://hacecuentas.com/calculadora-ganancias-empleados-4ta-categoria-2026,CALCULADORA;FINANZAS
https://hacecuentas.com/calculadora-retencion-ganancias-rg-830,CALCULADORA;FINANZAS;ARGENTINA
https://hacecuentas.com/calculadora-impuesto-ganancias-sueldo,CALCULADORA;FINANZAS;ARGENTINA
https://hacecuentas.com/calculadora-gasto-agua-mensual-hogar-litros,CALCULADORA;VIDA
https://hacecuentas.com/calculadora-gastos-escritura-compra-inmueble,CALCULADORA;FINANZAS;ARGENTINA
https://hacecuentas.com/calculadora-gastos-escritura-compraventa,CALCULADORA;FINANZAS
https://hacecuentas.com/calculadora-generacion-perteneces,CALCULADORA;VIDA
https://hacecuentas.com/calculadora-generador-contrasena-segura,CALCULADORA;VIDA
https://hacecuentas.com/calculadora-generador-qr,CALCULADORA;VIDA
https://hacecuentas.com/calculadora-gestacion-perro-gato-duracion-parto,CALCULADORA;MASCOTAS
https://hacecuentas.com/calculadora-gestacion-perra,CALCULADORA;MASCOTAS
https://hacecuentas.com/calculadora-golden-hour-horario,CALCULADORA;ENTRETENIMIENTO
https://hacecuentas.com/calculadora-gpa-argentino-a-escala-4,CALCULADORA;EDUCACION
https://hacecuentas.com/calculadora-grasa-corporal-pliegues,CALCULADORA;DEPORTES
https://hacecuentas.com/calculadora-porcentaje-grasa-corporal,CALCULADORA;SALUD
https://hacecuentas.com/calculadora-gratificacion-peru-julio-diciembre-2026,CALCULADORA;FINANZAS
https://hacecuentas.com/calculadora-halving-bitcoin-2026-fecha,CALCULADORA;FINANZAS
https://hacecuentas.com/calculadora-handicap-golf-diferencial,CALCULADORA;DEPORTES
https://hacecuentas.com/calculadora-handicap-golf-estimado,CALCULADORA;DEPORTES
https://hacecuentas.com/calculadora-hashtag-alcance-estimado,CALCULADORA;ENTRETENIMIENTO
https://hacecuentas.com/calculadora-heladas-fecha-primera-ultima-zona,CALCULADORA;JARDINERIA;ARGENTINA
https://hacecuentas.com/calculadora-herencia-legitima,CALCULADORA;VIDA;ARGENTINA
https://hacecuentas.com/calculadora-hidratacion-corredor-maraton-carrera,CALCULADORA;DEPORTES
https://hacecuentas.com/calculadora-hidratacion-diaria-personalizada,CALCULADORA;SALUD
https://hacecuentas.com/calculadora-hidratacion-ejercicio-ml,CALCULADORA;DEPORTES
https://hacecuentas.com/calculadora-hidratacion-agua-durante-ejercicio,CALCULADORA;SALUD
https://hacecuentas.com/calculadora-honorarios-abogado,CALCULADORA;VIDA;ARGENTINA
https://hacecuentas.com/calculadora-hora-check-in-aeropuerto-anticipacion,CALCULADORA;VIAJES
https://hacecuentas.com/calculadora-hora-mundo-zona-horaria,CALCULADORA;VIDA
https://hacecuentas.com/calculadora-horas-estudio-materia-creditos,CALCULADORA;EDUCACION
https://hacecuentas.com/calculadora-horas-extra,CALCULADORA;FINANZAS;ARGENTINA
https://hacecuentas.com/calculadora-horas-extras-50-100,CALCULADORA;FINANZAS;ARGENTINA
https://hacecuentas.com/calculadora-horas-luz-solar-planta-necesarias,CALCULADORA;JARDINERIA
https://hacecuentas.com/calculadora-horas-pantalla,CALCULADORA;VIDA
https://hacecuentas.com/calculadora-horas-trabajo-necesarias-para-comprar,CALCULADORA;VIDA
https://hacecuentas.com/calculadora-horas-vida-restantes,CALCULADORA;VIDA
https://hacecuentas.com/calculadora-huella-carbono-auto-anual,CALCULADORA;MEDIO-AMBIENTE
https://hacecuentas.com/calculadora-huella-carbono-personal,CALCULADORA;VIDA
https://hacecuentas.com/calculadora-huella-carbono-diaria-personal,CALCULADORA;VIDA
https://hacecuentas.com/calculadora-huella-digital-estimacion,CALCULADORA;VIDA
https://hacecuentas.com/calculadora-huella-hidrica-alimentos-litros,CALCULADORA;MEDIO-AMBIENTE
https://hacecuentas.com/calculadora-huerta-produccion-kg-m2,CALCULADORA;JARDINERIA
https://hacecuentas.com/calculadora-humedad-relativa-ideal-ambiente,CALCULADORA;VIDA
https://hacecuentas.com/calculadora-iluminacion-lux-lumens-ambiente,CALCULADORA;VIDA
https://hacecuentas.com/calculadora-imc-infantil-percentil,CALCULADORA;SALUD
https://hacecuentas.com/calculadora-imc,CALCULADORA;SALUD
https://hacecuentas.com/calculadora-impermanent-loss-defi-2026,CALCULADORA;FINANZAS
https://hacecuentas.com/calculadora-impermeabilizante-membrana-m2-techo,CALCULADORA;CONSTRUCCION
https://hacecuentas.com/calculadora-implantacion-embrion,CALCULADORA;SALUD
https://hacecuentas.com/calculadora-impresion-dpi-calidad,CALCULADORA;ENTRETENIMIENTO
https://hacecuentas.com/calculadora-impuesto-cheque-debitos-creditos,CALCULADORA;FINANZAS
https://hacecuentas.com/calculadora-impuesto-ganancia-cripto-argentina-2026,CALCULADORA;FINANZAS;ARGENTINA
https://hacecuentas.com/calculadora-impuesto-renta-peru-4ta-5ta-2026,CALCULADORA;FINANZAS
https://hacecuentas.com/calculadora-impuesto-sellos-inmueble-contrato,CALCULADORA;FINANZAS;ARGENTINA
https://hacecuentas.com/calculadora-indemnizacion-despido,CALCULADORA;FINANZAS
https://hacecuentas.com/calculadora-indice-asistencia-faltas,CALCULADORA;EDUCACION
https://hacecuentas.com/calculadora-indice-bienestar-who5,CALCULADORA;VIDA
https://hacecuentas.com/calculadora-indice-cintura-cadera,CALCULADORA;SALUD
https://hacecuentas.com/calculadora-indice-cintura-estatura,CALCULADORA;SALUD
https://hacecuentas.com/calculadora-indice-masa-corporal-pediatrico,CALCULADORA;SALUD
https://hacecuentas.com/calculadora-legibilidad-texto-flesch,CALCULADORA;EDUCACION
https://hacecuentas.com/calculadora-indice-tobillo-brazo,CALCULADORA;SALUD
https://hacecuentas.com/calculadora-inflacion-acumulada-periodo,CALCULADORA;FINANZAS;ARGENTINA
https://hacecuentas.com/calculadora-actualizacion-inflacion-ipc,CALCULADORA;FINANZAS
https://hacecuentas.com/calculadora-inflacion-perdida-poder-adquisitivo,CALCULADORA;FINANZAS
https://hacecuentas.com/calculadora-inflacion-poder-compra,CALCULADORA;FINANZAS
https://hacecuentas.com/calculadora-influencer-tarifa-estimada,CALCULADORA;ENTRETENIMIENTO
https://hacecuentas.com/calculadora-ingresos-brutos-provincial,CALCULADORA;FINANZAS
https://hacecuentas.com/calculadora-integral-definida-basica,CALCULADORA;MATEMATICA
https://hacecuentas.com/calculadora-interes-compuesto,CALCULADORA;FINANZAS
https://hacecuentas.com/calculadora-interes-judicial-tasa,CALCULADORA;FINANZAS
https://hacecuentas.com/calculadora-interes-simple,CALCULADORA;MATEMATICA
https://hacecuentas.com/calculadora-interpolacion-lineal-valor,CALCULADORA;MATEMATICA
https://hacecuentas.com/calculadora-intervalo-confianza-media,CALCULADORA;MATEMATICA
https://hacecuentas.com/calculadora-islr-venezuela-personas-naturales,CALCULADORA;FINANZAS
https://hacecuentas.com/calculadora-isr-mensual-mexico-2026,CALCULADORA;FINANZAS
https://hacecuentas.com/calculadora-isr-republica-dominicana-2026,CALCULADORA;FINANZAS
https://hacecuentas.com/calculadora-iva-incluido-neto-discriminar,CALCULADORA;FINANZAS;ARGENTINA
https://hacecuentas.com/calculadora-iva-paises-latinoamerica,CALCULADORA;FINANZAS
https://hacecuentas.com/calculadora-jardin-vertical-plantas-m2,CALCULADORA;JARDINERIA
https://hacecuentas.com/calculadora-jet-lag-recuperacion,CALCULADORA;VIAJES
https://hacecuentas.com/calculadora-jubilacion-cuanto-necesito,CALCULADORA;FINANZAS
https://hacecuentas.com/calculadora-jubilacion-haber-movilidad-trimestral,CALCULADORA;FINANZAS
https://hacecuentas.com/calculadora-jubilacion-minima-anses,CALCULADORA;FINANZAS;ARGENTINA
https://hacecuentas.com/calculadora-karaoke-canciones-por-hora,CALCULADORA;ENTRETENIMIENTO
https://hacecuentas.com/calculadora-ladrillos-por-m2-construccion,CALCULADORA;CONSTRUCCION
https://hacecuentas.com/calculadora-lavandina-dilucion-litros-ml,CALCULADORA;VIDA
https://hacecuentas.com/calculadora-leche-materna-formula,CALCULADORA;SALUD
https://hacecuentas.com/calculadora-lectura-tiempo-libro,CALCULADORA;ENTRETENIMIENTO
https://hacecuentas.com/calculadora-lente-distancia-focal,CALCULADORA;CIENCIA
https://hacecuentas.com/calculadora-letra-dni-argentina,CALCULADORA;VIDA
https://hacecuentas.com/calculadora-ley-coulomb-fuerza-electrica,CALCULADORA;CIENCIA
https://hacecuentas.com/calculadora-ley-gases-ideales,CALCULADORA;CIENCIA
https://hacecuentas.com/calculadora-ley-ohm-voltaje-corriente-resistencia,CALCULADORA;ELECTRONICA
https://hacecuentas.com/calculadora-ley-ohm-voltaje-resistencia,CALCULADORA;CIENCIA
https://hacecuentas.com/calculadora-licencia-maternidad-paternidad,CALCULADORA;VIDA;ARGENTINA
https://hacecuentas.com/calculadora-licencia-por-maternidad-paternidad-dias,CALCULADORA;FINANZAS;ARGENTINA
https://hacecuentas.com/calculadora-limpieza-frecuencia-ambiente-hogar,CALCULADORA;VIDA
https://hacecuentas.com/calculadora-liquidacion-apalancamiento-cripto,CALCULADORA;FINANZAS
https://hacecuentas.com/calculadora-liquidacion-final-renuncia,CALCULADORA;FINANZAS;ARGENTINA
https://hacecuentas.com/calculadora-litros-nafta-viaje-ruta-argentina,CALCULADORA;VIAJES;ARGENTINA
https://hacecuentas.com/calculadora-logaritmos-base-10-natural-cualquier-base,CALCULADORA;MATEMATICA
https://hacecuentas.com/calculadora-lombriz-compostera-cantidad-necesaria,CALCULADORA;JARDINERIA
https://hacecuentas.com/calculadora-love-calculator,CALCULADORA;VIDA
https://hacecuentas.com/calculadora-maceta-tamano-ideal-planta,CALCULADORA;JARDINERIA
https://hacecuentas.com/calculadora-macronutrientes-dieta,CALCULADORA;DEPORTES
https://hacecuentas.com/calculadora-macros-objetivo-fitness,CALCULADORA;DEPORTES
https://hacecuentas.com/calculadora-macros-distribucion-proteina-carbos-grasas,CALCULADORA;SALUD
https://hacecuentas.com/calculadora-magnitud-aparente-absoluta,CALCULADORA;CIENCIA
https://hacecuentas.com/calculadora-malla-sima-losa-m2,CALCULADORA;CONSTRUCCION
https://hacecuentas.com/calculadora-maraton-serie-tiempo,CALCULADORA;ENTRETENIMIENTO
https://hacecuentas.com/calculadora-margen-contribucion-producto,CALCULADORA;NEGOCIOS
https://hacecuentas.com/calculadora-margen-ganancia-markup,CALCULADORA;NEGOCIOS
https://hacecuentas.com/calculadora-margen-seguridad-graham-inversion,CALCULADORA;FINANZAS
https://hacecuentas.com/calculadora-market-cap-vs-precio-token,CALCULADORA;FINANZAS
https://hacecuentas.com/calculadora-cac-ltv-costo-adquisicion-cliente,CALCULADORA;MARKETING
https://hacecuentas.com/calculadora-tasa-de-conversion,CALCULADORA;MARKETING
https://hacecuentas.com/calculadora-cpc-costo-por-click,CALCULADORA;MARKETING
https://hacecuentas.com/calculadora-cpm-costo-por-mil-impresiones,CALCULADORA;MARKETING
https://hacecuentas.com/calculadora-ctr-click-through-rate,CALCULADORA;MARKETING
https://hacecuentas.com/calculadora-roas-retorno-inversion-publicitaria,CALCULADORA;MARKETING
https://hacecuentas.com/calculadora-masa-molar-compuesto,CALCULADORA;CIENCIA
https://hacecuentas.com/calculadora-masa-pizza-ingredientes-porciones,CALCULADORA;COCINA
https://hacecuentas.com/calculadora-matriz-multiplicacion-3x3,CALCULADORA;MATEMATICA
https://hacecuentas.com/calculadora-mcd-mcm-maximo-divisor-minimo-multiplo,CALCULADORA;MATEMATICA
https://hacecuentas.com/calculadora-media-geometrica-armonica,CALCULADORA;MATEMATICA
https://hacecuentas.com/calculadora-media-mediana-moda,CALCULADORA;MATEMATICA
https://hacecuentas.com/calculadora-promedio-ponderado-notas-materias,CALCULADORA;MATEMATICA
https://hacecuentas.com/calculadora-meditacion-minutos-beneficio,CALCULADORA;VIDA
https://hacecuentas.com/calculadora-megapixeles-impresion-tamano,CALCULADORA;ENTRETENIMIENTO
https://hacecuentas.com/calculadora-mejor-hora-publicar,CALCULADORA;ENTRETENIMIENTO
https://hacecuentas.com/calculadora-memoria-fotos-capacidad,CALCULADORA;ENTRETENIMIENTO
https://hacecuentas.com/calculadora-mesa-comedor-tamano-personas,CALCULADORA;VIDA
https://hacecuentas.com/calculadora-cuanto-ahorrar-por-mes-meta,CALCULADORA;FINANZAS
https://hacecuentas.com/calculadora-metros-cuadrados-habitacion,CALCULADORA;VIDA
https://hacecuentas.com/calculadora-mezcla-audio-headroom-db,CALCULADORA;ENTRETENIMIENTO
https://hacecuentas.com/calculadora-moles-gramos-conversion,CALCULADORA;CIENCIA
https://hacecuentas.com/calculadora-moneda-local-cambio-pais,CALCULADORA;VIAJES
https://hacecuentas.com/calculadora-monitor-tamano-distancia-ideal,CALCULADORA;TECNOLOGIA
https://hacecuentas.com/calculadora-monotributo-categoria-ingresos-tope,CALCULADORA;FINANZAS;ARGENTINA
https://hacecuentas.com/calculadora-monotributo-mejor-categoria-2026,CALCULADORA;FINANZAS;ARGENTINA
https://hacecuentas.com/calculadora-monotributo-vs-responsable-inscripto,CALCULADORA;NEGOCIOS;ARGENTINA
https://hacecuentas.com/calculadora-monotributo-2026,CALCULADORA;FINANZAS;ARGENTINA
https://hacecuentas.com/calculadora-mortero-juntas-ladrillos-m2-pared,CALCULADORA;CONSTRUCCION
https://hacecuentas.com/calculadora-mrr-arr-saas,CALCULADORA;MARKETING
https://hacecuentas.com/calculadora-mudanza-cajas-cantidad-m2,CALCULADORA;VIDA
https://hacecuentas.com/calculadora-multa-transito-valor,CALCULADORA;AUTO
https://hacecuentas.com/calculadora-multiplicar-dividir-receta-porciones,CALCULADORA;COCINA
https://hacecuentas.com/calculadora-natacion-pace-100m,CALCULADORA;DEPORTES
https://hacecuentas.com/calculadora-necesidad-calorica-hospitalizado,CALCULADORA;SALUD
https://hacecuentas.com/calculadora-sueldo-neto-a-bruto,CALCULADORA;FINANZAS;ARGENTINA
https://hacecuentas.com/calculadora-nivel-estres-percibido,CALCULADORA;VIDA
https://hacecuentas.com/calculadora-nivel-estres,CALCULADORA;VIDA
https://hacecuentas.com/calculadora-nivel-introversion-extraversion,CALCULADORA;VIDA
https://hacecuentas.com/calculadora-nombre-bebe-significado,CALCULADORA;SALUD
https://hacecuentas.com/calculadora-nombre-elfo,CALCULADORA;VIDA
https://hacecuentas.com/calculadora-nombre-estrella-wars,CALCULADORA;VIDA
https://hacecuentas.com/calculadora-nombre-rapper,CALCULADORA;VIDA
https://hacecuentas.com/calculadora-nota-final-necesaria-universidad,CALCULADORA;EDUCACION
https://hacecuentas.com/calculadora-nota-necesaria-aprobar,CALCULADORA;EDUCACION
https://hacecuentas.com/calculadora-nota-parcial-recuperatorio-promocion,CALCULADORA;EDUCACION
https://hacecuentas.com/calculadora-notacion-cientifica,CALCULADORA;MATEMATICA
https://hacecuentas.com/calculadora-nps-net-promoter-score,CALCULADORA;MARKETING
https://hacecuentas.com/calculadora-numero-oxidacion-elemento,CALCULADORA;CIENCIA
https://hacecuentas.com/calculadora-numerologia-nombre,CALCULADORA;VIDA
https://hacecuentas.com/calculadora-numeros-primos-factorizacion,CALCULADORA;MATEMATICA
https://hacecuentas.com/calculadora-numeros-romanos-conversor,CALCULADORA;VIDA
https://hacecuentas.com/calculadora-onda-longitud-frecuencia-velocidad,CALCULADORA;CIENCIA
https://hacecuentas.com/calculadora-open-rate-email-marketing,CALCULADORA;MARKETING
https://hacecuentas.com/calculadora-orden-kondo-tiempo-konmari,CALCULADORA;VIDA
https://hacecuentas.com/calculadora-organizador-placard-distribucion,CALCULADORA;VIDA
https://hacecuentas.com/calculadora-overclock-temperatura-segura,CALCULADORA;TECNOLOGIA
https://hacecuentas.com/calculadora-calendario-ovulacion-ciclo-menstrual,CALCULADORA;SALUD
https://hacecuentas.com/calculadora-ovulacion-dias-fertiles,CALCULADORA;SALUD
https://hacecuentas.com/calculadora-pace-ritmo-running,CALCULADORA;DEPORTES
https://hacecuentas.com/calculadora-palabras-por-pagina-trabajo,CALCULADORA;EDUCACION
https://hacecuentas.com/calculadora-palabras-paginas-conversor,CALCULADORA;EDUCACION
https://hacecuentas.com/calculadora-minutos-paseo-perro-raza-edad,CALCULADORA;MASCOTAS
https://hacecuentas.com/calculadora-password-fortaleza-entropia,CALCULADORA;TECNOLOGIA
https://hacecuentas.com/calculadora-password-strength,CALCULADORA;VIDA
https://hacecuentas.com/calculadora-patente-auto-valor,CALCULADORA;VIDA
https://hacecuentas.com/calculadora-pausas-activas-trabajo,CALCULADORA;VIDA
https://hacecuentas.com/calculadora-payback-periodo-recupero-inversion,CALCULADORA;NEGOCIOS
https://hacecuentas.com/calculadora-pe-ratio-price-earnings-valuacion,CALCULADORA;FINANZAS
https://hacecuentas.com/calculadora-pelicula-duracion-snacks,CALCULADORA;ENTRETENIMIENTO
https://hacecuentas.com/calculadora-pendiente-desague-pluvial-sanitario,CALCULADORA;CONSTRUCCION
https://hacecuentas.com/calculadora-pendiente-recta-dos-puntos,CALCULADORA;MATEMATICA
https://hacecuentas.com/calculadora-pendulo-simple-periodo,CALCULADORA;CIENCIA
https://hacecuentas.com/calculadora-percentil-bebe-oms,CALCULADORA;SALUD
https://hacecuentas.com/calculadora-percentil-dato,CALCULADORA;MATEMATICA
https://hacecuentas.com/calculadora-percentil-ecografia,CALCULADORA;SALUD
https://hacecuentas.com/calculadora-percentiles-crecimiento-pediatrico,CALCULADORA;SALUD
https://hacecuentas.com/calculadora-periodizacion-entrenamiento,CALCULADORA;DEPORTES
https://hacecuentas.com/calculadora-periodo-fertil-irregular,CALCULADORA;SALUD
https://hacecuentas.com/calculadora-periodo-orbital-planeta,CALCULADORA;CIENCIA
https://hacecuentas.com/calculadora-aumento-peso-recomendado-embarazo,CALCULADORA;SALUD
https://hacecuentas.com/calculadora-peso-en-otro-planeta,CALCULADORA;CIENCIA
https://hacecuentas.com/calculadora-peso-guantes-boxeo-kg-oz,CALCULADORA;DEPORTES
https://hacecuentas.com/calculadora-peso-ideal-bebe-mes-percentil,CALCULADORA;SALUD
https://hacecuentas.com/calculadora-peso-ideal-formulas,CALCULADORA;SALUD
https://hacecuentas.com/calculadora-peso-ideal-ninos,CALCULADORA;SALUD
https://hacecuentas.com/calculadora-peso-ideal-perro-raza,CALCULADORA;MASCOTAS
https://hacecuentas.com/calculadora-alimento-diario-perro,CALCULADORA;MASCOTAS
https://hacecuentas.com/calculadora-peso-ideal,CALCULADORA;SALUD
https://hacecuentas.com/calculadora-peso-mochila-ideal-trekking-senderismo,CALCULADORA;VIAJES
https://hacecuentas.com/calculadora-peso-objetivo-competicion,CALCULADORA;DEPORTES
https://hacecuentas.com/calculadora-peso-posparto,CALCULADORA;SALUD
https://hacecuentas.com/calculadora-ph-concentracion-hidrogeno,CALCULADORA;CIENCIA
https://hacecuentas.com/calculadora-ph-suelo-correccion-cal-azufre,CALCULADORA;JARDINERIA
https://hacecuentas.com/calculadora-piedra-nacimiento,CALCULADORA;VIDA
https://hacecuentas.com/calculadora-pileta-natacion-litros-m3,CALCULADORA;CONSTRUCCION
https://hacecuentas.com/calculadora-ping-latencia-distancia,CALCULADORA;ENTRETENIMIENTO
https://hacecuentas.com/calculadora-ping-latencia-gaming-aceptable,CALCULADORA;TECNOLOGIA
https://hacecuentas.com/calculadora-pintura-por-m2-litros-latas,CALCULADORA;CONSTRUCCION
https://hacecuentas.com/calculadora-pintura-pared-litros-m2-habitacion,CALCULADORA;CONSTRUCCION
https://hacecuentas.com/calculadora-pintura-paredes-habitacion-litros,CALCULADORA;VIDA
https://hacecuentas.com/calculadora-piso-flotante-m2-tablas,CALCULADORA;CONSTRUCCION
https://hacecuentas.com/calculadora-pisos-ceramicos-porcellanato-cajas,CALCULADORA;CONSTRUCCION
https://hacecuentas.com/calculadora-teorema-pitagoras-hipotenusa-cateto,CALCULADORA;MATEMATICA
https://hacecuentas.com/calculadora-planeta-regente,CALCULADORA;VIDA
https://hacecuentas.com/calculadora-playlist-duracion-canciones,CALCULADORA;ENTRETENIMIENTO
https://hacecuentas.com/calculadora-plazo-fijo,CALCULADORA;FINANZAS;ARGENTINA
https://hacecuentas.com/calculadora-plazo-prescripcion-deuda,CALCULADORA;VIDA
https://hacecuentas.com/calculadora-plazo-tesis-deadline,CALCULADORA;EDUCACION
https://hacecuentas.com/calculadora-plus-antiguedad,CALCULADORA;FINANZAS
https://hacecuentas.com/calculadora-poda-frecuencia-arbol-especie,CALCULADORA;JARDINERIA
https://hacecuentas.com/calculadora-poder-adquisitivo-sueldo-real,CALCULADORA;FINANZAS;ARGENTINA
https://hacecuentas.com/calculadora-porcelanato-liquido-litros-m2,CALCULADORA;CONSTRUCCION
https://hacecuentas.com/calculadora-porcentajes,CALCULADORA;VIDA
https://hacecuentas.com/calculadora-porcion-arroz-gramos-personas,CALCULADORA;COCINA
https://hacecuentas.com/calculadora-porciones-torta-tamano-molde,CALCULADORA;COCINA
https://hacecuentas.com/calculadora-posparto-recuperacion,CALCULADORA;SALUD
https://hacecuentas.com/calculadora-potencia-ciclismo-watts-kg,CALCULADORA;DEPORTES
https://hacecuentas.com/calculadora-potencia-electrica-watts-volts-amperes,CALCULADORA;ELECTRONICA
https://hacecuentas.com/calculadora-potencia-electrica-watts,CALCULADORA;VIDA
https://hacecuentas.com/calculadora-potencias-y-raices,CALCULADORA;MATEMATICA
https://hacecuentas.com/calculadora-precio-dolar-producto,CALCULADORA;FINANZAS
https://hacecuentas.com/calculadora-iva-agregar-discriminar,CALCULADORA;NEGOCIOS;ARGENTINA
https://hacecuentas.com/calculadora-precio-m2-zona,CALCULADORA;FINANZAS;ARGENTINA
https://hacecuentas.com/calculadora-precio-minimo-venta-con-margen,CALCULADORA;NEGOCIOS
https://hacecuentas.com/calculadora-precio-por-kilo-litro,CALCULADORA;VIDA
https://hacecuentas.com/calculadora-precio-promedio-compra-cripto,CALCULADORA;FINANZAS
https://hacecuentas.com/calculadora-precio-psicologico-9-99,CALCULADORA;NEGOCIOS
https://hacecuentas.com/calculadora-price-to-book-ratio-valor-libros,CALCULADORA;FINANZAS
https://hacecuentas.com/calculadora-prediccion-tiempo-5k-10k-21k,CALCULADORA;DEPORTES
https://hacecuentas.com/calculadora-prediccion-tiempo-maraton-riegel,CALCULADORA;DEPORTES
https://hacecuentas.com/calculadora-presentismo-puntualidad,CALCULADORA;FINANZAS;ARGENTINA
https://hacecuentas.com/calculadora-presion-arterial-rango,CALCULADORA;SALUD
https://hacecuentas.com/calculadora-presion-hidrostatica,CALCULADORA;CIENCIA
https://hacecuentas.com/calculadora-prestaciones-sociales-venezuela-lottt,CALCULADORA;FINANZAS
https://hacecuentas.com/calculadora-prestamo-cuota-mensual-mexico,CALCULADORA;FINANZAS
https://hacecuentas.com/calculadora-cuota-prestamo,CALCULADORA;FINANZAS
https://hacecuentas.com/calculadora-prestamo-estudiantil-cuotas,CALCULADORA;EDUCACION
https://hacecuentas.com/calculadora-presupuesto-50-30-20,CALCULADORA;FINANZAS
https://hacecuentas.com/calculadora-presupuesto-cumpleanos,CALCULADORA;ENTRETENIMIENTO
https://hacecuentas.com/calculadora-presupuesto-diario-mochilero-ciudad,CALCULADORA;VIAJES
https://hacecuentas.com/calculadora-presupuesto-equipo-musica,CALCULADORA;ENTRETENIMIENTO
https://hacecuentas.com/calculadora-presupuesto-regla-50-30-20-sueldo,CALCULADORA;FINANZAS
https://hacecuentas.com/calculadora-presupuesto-viaje-vacaciones,CALCULADORA;VIAJES
https://hacecuentas.com/calculadora-prima-servicios-colombia-2026,CALCULADORA;FINANZAS
https://hacecuentas.com/calculadora-prima-vacacional-mexico-2026,CALCULADORA;FINANZAS
https://hacecuentas.com/calculadora-probabilidad-aprobar-multiple-choice,CALCULADORA;EDUCACION
https://hacecuentas.com/calculadora-probabilidad-binomial,CALCULADORA;MATEMATICA
https://hacecuentas.com/calculadora-probabilidad-conocer-pareja,CALCULADORA;VIDA
https://hacecuentas.com/calculadora-probabilidad-drop-loot,CALCULADORA;ENTRETENIMIENTO
https://hacecuentas.com/calculadora-probabilidad-eventos-dados-monedas,CALCULADORA;MATEMATICA
https://hacecuentas.com/calculadora-probabilidad-loteria-premio,CALCULADORA;ENTRETENIMIENTO
https://hacecuentas.com/calculadora-productividad-empleados-output-hora,CALCULADORA;NEGOCIOS
https://hacecuentas.com/calculadora-productividad-ingreso-por-hora,CALCULADORA;NEGOCIOS
https://hacecuentas.com/calculadora-producto-limpieza-rendimiento-m2,CALCULADORA;VIDA
https://hacecuentas.com/calculadora-profit-loss-trade-cripto,CALCULADORA;FINANZAS
https://hacecuentas.com/calculadora-profundidad-campo-apertura,CALCULADORA;ENTRETENIMIENTO
https://hacecuentas.com/calculadora-profundidad-siembra-semilla,CALCULADORA;JARDINERIA
https://hacecuentas.com/calculadora-progresion-aritmetica,CALCULADORA;MATEMATICA
https://hacecuentas.com/calculadora-progresion-geometrica,CALCULADORA;MATEMATICA
https://hacecuentas.com/calculadora-promedio-mediana-moda-estadistica,CALCULADORA;MATEMATICA
https://hacecuentas.com/calculadora-promedio-notas-universidad,CALCULADORA;EDUCACION
https://hacecuentas.com/calculadora-promedio-ponderado-universidad,CALCULADORA;EDUCACION
https://hacecuentas.com/calculadora-promedio-secundaria,CALCULADORA;EDUCACION;ARGENTINA
https://hacecuentas.com/calculadora-dividir-cuenta-propina-amigos,CALCULADORA;VIDA
https://hacecuentas.com/calculadora-propina-costumbre-por-pais,CALCULADORA;VIAJES
https://hacecuentas.com/calculadora-propina-restaurante-pais-porcentaje,CALCULADORA;VIAJES
https://hacecuentas.com/calculadora-propina-restaurante,CALCULADORA;VIDA
https://hacecuentas.com/calculadora-propina-por-pais-viaje,CALCULADORA;VIAJES
https://hacecuentas.com/calculadora-propina-dividir-cuenta,CALCULADORA;VIDA
https://hacecuentas.com/calculadora-proporcion-cafe-agua-metodo-preparacion,CALCULADORA;COCINA
https://hacecuentas.com/calculadora-protector-solar-spf-fototipo,CALCULADORA;SALUD
https://hacecuentas.com/calculadora-proteina-gramos-por-peso-actividad,CALCULADORA;DEPORTES
https://hacecuentas.com/calculadora-proteina-diaria-objetivo,CALCULADORA;SALUD
https://hacecuentas.com/calculadora-proteina-por-comida-absorcion,CALCULADORA;DEPORTES
https://hacecuentas.com/calculadora-proximo-cumpleanos,CALCULADORA;VIDA
https://hacecuentas.com/calculadora-proyeccion-ventas-crecimiento,CALCULADORA;NEGOCIOS
https://hacecuentas.com/calculadora-puntaje-apgar,CALCULADORA;SALUD
https://hacecuentas.com/calculadora-puntaje-ingreso-universidad,CALCULADORA;EDUCACION
https://hacecuentas.com/calculadora-break-even-opciones-call-put,CALCULADORA;FINANZAS
https://hacecuentas.com/calculadora-puntos-ranking-ajedrez-elo,CALCULADORA;DEPORTES
https://hacecuentas.com/calculadora-que-dia-de-la-semana,CALCULADORA;VIDA
https://hacecuentas.com/calculadora-raid-almacenamiento-util-discos,CALCULADORA;TECNOLOGIA
https://hacecuentas.com/calculadora-rankeo-elo-puntos,CALCULADORA;ENTRETENIMIENTO
https://hacecuentas.com/calculadora-ratio-alumno-profesor-curso,CALCULADORA;EDUCACION
https://hacecuentas.com/calculadora-ratio-liquidez-corriente-seco,CALCULADORA;NEGOCIOS
https://hacecuentas.com/calculadora-reach-frequency-grp-medios,CALCULADORA;MARKETING
https://hacecuentas.com/calculadora-rebalanceo-portafolio-target,CALCULADORA;FINANZAS
https://hacecuentas.com/calculadora-reciclaje-ahorro-residuos,CALCULADORA;MEDIO-AMBIENTE
https://hacecuentas.com/calculadora-recoleccion-agua-lluvia-techo,CALCULADORA;MEDIO-AMBIENTE
https://hacecuentas.com/calculadora-recuperacion-muscular-horas,CALCULADORA;DEPORTES
https://hacecuentas.com/calculadora-refinanciar-prestamo-ahorro-cuota,CALCULADORA;FINANZAS
https://hacecuentas.com/calculadora-regalo-ideal-presupuesto,CALCULADORA;VIDA
https://hacecuentas.com/calculadora-presupuesto-regla-50-30-20,CALCULADORA;FINANZAS
https://hacecuentas.com/calculadora-regla-de-tres-compuesta,CALCULADORA;MATEMATICA
https://hacecuentas.com/calculadora-regla-de-tres-inversa,CALCULADORA;MATEMATICA
https://hacecuentas.com/calculadora-regla-de-tres-simple,CALCULADORA;VIDA
https://hacecuentas.com/calculadora-regresion-lineal-simple,CALCULADORA;MATEMATICA
https://hacecuentas.com/calculadora-cagr-rendimiento-anualizado-compuesto,CALCULADORA;FINANZAS
https://hacecuentas.com/calculadora-rendimiento-fci-money-market,CALCULADORA;FINANZAS;ARGENTINA
https://hacecuentas.com/calculadora-rendimiento-masa-empanadas-cantidad,CALCULADORA;COCINA
https://hacecuentas.com/calculadora-rendimiento-reaccion-quimica,CALCULADORA;CIENCIA
https://hacecuentas.com/calculadora-impuesto-renta-colombia-persona-natural-2026,CALCULADORA;FINANZAS
https://hacecuentas.com/calculadora-cap-rate-rentabilidad-alquiler-inmobiliario,CALCULADORA;FINANZAS
https://hacecuentas.com/calculadora-rentabilidad-alquiler-vs-venta,CALCULADORA;FINANZAS
https://hacecuentas.com/calculadora-rentabilidad-staking-cripto-2026,CALCULADORA;FINANZAS
https://hacecuentas.com/calculadora-repeticion-maxima-estimada,CALCULADORA;DEPORTES
https://hacecuentas.com/calculadora-repeticiones-maximas-epley-brzycki,CALCULADORA;DEPORTES
https://hacecuentas.com/calculadora-resarcimiento-accidente,CALCULADORA;VIDA
https://hacecuentas.com/calculadora-resistencia-led-voltaje-caida,CALCULADORA;ELECTRONICA
https://hacecuentas.com/calculadora-resistencia-paralelo-serie,CALCULADORA;ELECTRONICA
https://hacecuentas.com/calculadora-resolucion-pantalla-ppi-densidad,CALCULADORA;TECNOLOGIA
https://hacecuentas.com/calculadora-resolucion-pantalla-ppi,CALCULADORA;ENTRETENIMIENTO
https://hacecuentas.com/calculadora-retorno-real-inversion-descontando-inflacion,CALCULADORA;FINANZAS
https://hacecuentas.com/calculadora-riego-automatico-programacion-minutos,CALCULADORA;JARDINERIA
https://hacecuentas.com/calculadora-riego-goteo-litros-hora-planta,CALCULADORA;JARDINERIA
https://hacecuentas.com/calculadora-riesgo-burnout-laboral,CALCULADORA;VIDA
https://hacecuentas.com/calculadora-riesgo-caida-adulto-mayor-escala,CALCULADORA;SALUD
https://hacecuentas.com/calculadora-riesgo-cardiovascular-framingham,CALCULADORA;SALUD
https://hacecuentas.com/calculadora-findrisc-diabetes-riesgo,CALCULADORA;SALUD
https://hacecuentas.com/calculadora-riesgo-diabetes-findrisc,CALCULADORA;SALUD
https://hacecuentas.com/calculadora-riesgo-embarazo-edad,CALCULADORA;SALUD
https://hacecuentas.com/calculadora-ritmo-caminata-pasos-por-km,CALCULADORA;DEPORTES
https://hacecuentas.com/calculadora-ritmo-carrera-pace-km,CALCULADORA;DEPORTES
https://hacecuentas.com/calculadora-velocidad-ciclismo-watts-kg,CALCULADORA;DEPORTES
https://hacecuentas.com/calculadora-1rm-peso-maximo-levantamiento,CALCULADORA;DEPORTES
https://hacecuentas.com/calculadora-roi-capacitacion-empleados,CALCULADORA;NEGOCIOS
https://hacecuentas.com/calculadora-roi-email-marketing-campana,CALCULADORA;MARKETING
https://hacecuentas.com/calculadora-roi-marketing-influencer-campana,CALCULADORA;MARKETING
https://hacecuentas.com/calculadora-roi-mineria-cripto-2026,CALCULADORA;FINANZAS
https://hacecuentas.com/calculadora-roi-podcast-sponsorship,CALCULADORA;MARKETING
https://hacecuentas.com/calculadora-roi-publicidad-redes,CALCULADORA;ENTRETENIMIENTO
https://hacecuentas.com/calculadora-roi-seo-trafico-organico,CALCULADORA;MARKETING
https://hacecuentas.com/calculadora-ropa-maleta-dias-viaje,CALCULADORA;VIAJES
https://hacecuentas.com/calculadora-rotacion-inventario-stock,CALCULADORA;NEGOCIOS
https://hacecuentas.com/calculadora-sacaleches-produccion,CALCULADORA;SALUD
https://hacecuentas.com/calculadora-proporcion-sal-agua-pasta-coccion,CALCULADORA;COCINA
https://hacecuentas.com/salario-minimo-vital-movil-argentina,CALCULADORA;FINANZAS;ARGENTINA
https://hacecuentas.com/calculadora-salario-real-inflacion,CALCULADORA;FINANZAS
https://hacecuentas.com/calculadora-score-apgar-neonatal,CALCULADORA;SALUD
https://hacecuentas.com/calculadora-score-wells-trombosis-venosa,CALCULADORA;SALUD
https://hacecuentas.com/calculadora-seguro-auto-estimado,CALCULADORA;VIDA
https://hacecuentas.com/calculadora-seguro-hogar-estimacion-cobertura,CALCULADORA;VIDA
https://hacecuentas.com/calculadora-seguro-viaje-cobertura-estimacion,CALCULADORA;VIAJES
https://hacecuentas.com/calculadora-semanas-embarazo,CALCULADORA;SALUD
https://hacecuentas.com/calculadora-semanas-gestacion-ecografia,CALCULADORA;SALUD
https://hacecuentas.com/calculadora-sensibilidad-mouse-dpi-juego,CALCULADORA;ENTRETENIMIENTO
https://hacecuentas.com/calculadora-sexo-bebe-tabla-china,CALCULADORA;SALUD
https://hacecuentas.com/calculadora-sharpe-ratio-portafolio-riesgo,CALCULADORA;FINANZAS
https://hacecuentas.com/calculadora-siembra-calendario-argentina-zona,CALCULADORA;JARDINERIA;ARGENTINA
https://hacecuentas.com/calculadora-signo-chino,CALCULADORA;VIDA
https://hacecuentas.com/calculadora-signo-zodiacal,CALCULADORA;VIDA
https://hacecuentas.com/calculadora-notas-gpa-conversor,CALCULADORA;EDUCACION
https://hacecuentas.com/calculadora-sistemas-ecuaciones-2x2-cramer,CALCULADORA;MATEMATICA
https://hacecuentas.com/calculadora-sofa-tamano-living-metros,CALCULADORA;VIDA
https://hacecuentas.com/calculadora-split-gastos-grupo-amigos,CALCULADORA;FINANZAS
https://hacecuentas.com/calculadora-dividir-gastos-pareja-proporcional,CALCULADORA;FINANZAS
https://hacecuentas.com/calculadora-stock-seguridad-punto-reposicion,CALCULADORA;NEGOCIOS
https://hacecuentas.com/calculadora-stream-bitrate-calidad,CALCULADORA;ENTRETENIMIENTO
https://hacecuentas.com/calculadora-sucesion-costo,CALCULADORA;VIDA;ARGENTINA
https://hacecuentas.com/calculadora-sueldo-actualizado-ipc-inflacion,CALCULADORA;FINANZAS
https://hacecuentas.com/sueldo-en-mano-argentina,CALCULADORA;FINANZAS;ARGENTINA
https://hacecuentas.com/calculadora-sueldo-neto-autonomo-monotributista,CALCULADORA;FINANZAS
https://hacecuentas.com/calculadora-sueldo-bruto-desde-neto,CALCULADORA;FINANZAS
https://hacecuentas.com/calculadora-sueldo-en-dolares,CALCULADORA;FINANZAS;ARGENTINA
https://hacecuentas.com/calculadora-sueldo-hora-extra-nocturna-feriado,CALCULADORA;FINANZAS;ARGENTINA
https://hacecuentas.com/calculadora-sueldo-por-hora,CALCULADORA;FINANZAS;ARGENTINA
https://hacecuentas.com/calculadora-sueldo-minimo-para-alquilar,CALCULADORA;FINANZAS
https://hacecuentas.com/calculadora-sueldo-neto-chile-2026,CALCULADORA;FINANZAS
https://hacecuentas.com/calculadora-sueldo-neto-colombia-2026,CALCULADORA;FINANZAS
https://hacecuentas.com/calculadora-sueldo-neto-mexico-isr-imss,CALCULADORA;FINANZAS
https://hacecuentas.com/calculadora-valor-hora-trabajo-mensual,CALCULADORA;FINANZAS
https://hacecuentas.com/calculadora-sueno-bebe-horas,CALCULADORA;SALUD
https://hacecuentas.com/calculadora-sueno-ideal-edad,CALCULADORA;VIDA
https://hacecuentas.com/calculadora-superavit-calorico-volumen,CALCULADORA;DEPORTES
https://hacecuentas.com/calculadora-superavit-calorico-masa-muscular,CALCULADORA;DEPORTES
https://hacecuentas.com/calculadora-superficie-corporal-du-bois,CALCULADORA;SALUD
https://hacecuentas.com/calculadora-superficie-quemadura-regla-nueves,CALCULADORA;SALUD
https://hacecuentas.com/calculadora-sustitucion-ingredientes-cocina,CALCULADORA;COCINA
https://hacecuentas.com/calculadora-sustrato-mezcla-proporciones,CALCULADORA;JARDINERIA
https://hacecuentas.com/calculadora-tabla-wilks-powerlifting-score,CALCULADORA;DEPORTES
https://hacecuentas.com/calculadora-talla-anillo-dedo,CALCULADORA;SALUD
https://hacecuentas.com/calculadora-tallas-ropa-internacional,CALCULADORA;SALUD
https://hacecuentas.com/calculadora-talla-sosten-corpino,CALCULADORA;SALUD
https://hacecuentas.com/calculadora-talla-zapato-bebe,CALCULADORA;SALUD
https://hacecuentas.com/calculadora-talle-zapatilla-conversion,CALCULADORA;VIDA
https://hacecuentas.com/calculadora-tamano-aire-acondicionado-btu-habitacion,CALCULADORA;VIDA
https://hacecuentas.com/calculadora-tamano-archivo-conversor,CALCULADORA;VIDA
https://hacecuentas.com/calculadora-tamano-bebe-semana,CALCULADORA;SALUD
https://hacecuentas.com/calculadora-tamano-colchon-ideal-medidas,CALCULADORA;VIDA
https://hacecuentas.com/calculadora-tamano-cucha-perro-medidas,CALCULADORA;MASCOTAS
https://hacecuentas.com/calculadora-tamano-imagen-pixeles-megapixeles,CALCULADORA;TECNOLOGIA
https://hacecuentas.com/calculadora-tamano-muestra-encuesta,CALCULADORA;MATEMATICA
https://hacecuentas.com/calculadora-tamano-parrilla-personas-m2,CALCULADORA;COCINA
https://hacecuentas.com/calculadora-litros-pecera-acuario-cantidad-peces,CALCULADORA;MASCOTAS
https://hacecuentas.com/calculadora-tamano-sala-acustica,CALCULADORA;ENTRETENIMIENTO
https://hacecuentas.com/calculadora-tamano-tv-distancia-ideal-pulgadas,CALCULADORA;VIDA
https://hacecuentas.com/calculadora-tarjeta-credito-minimo,CALCULADORA;FINANZAS
https://hacecuentas.com/calculadora-tarjeta-credito-pago-minimo-costo-real,CALCULADORA;FINANZAS
https://hacecuentas.com/calculadora-tasa-abandono-carrito-ecommerce,CALCULADORA;NEGOCIOS
https://hacecuentas.com/calculadora-tasa-aprobacion-materia,CALCULADORA;EDUCACION
https://hacecuentas.com/calculadora-tasa-conversion-landing,CALCULADORA;ENTRETENIMIENTO
https://hacecuentas.com/calculadora-tasa-metabolica-reposo-katch-mcardle,CALCULADORA;SALUD
https://hacecuentas.com/calculadora-tasa-metabolica-reposo-katch,CALCULADORA;SALUD
https://hacecuentas.com/calculadora-tasa-metabolica-reposo-rmr,CALCULADORA;SALUD
https://hacecuentas.com/calculadora-tasa-rebote-benchmark-sitio-web,CALCULADORA;MARKETING
https://hacecuentas.com/calculadora-tasa-viralidad-k-factor,CALCULADORA;MARKETING
https://hacecuentas.com/conversor-tazas-gramos-cocina-recetas,CALCULADORA;COCINA
https://hacecuentas.com/calculadora-temperatura-aceite-fritura-punto-humo,CALCULADORA;COCINA
https://hacecuentas.com/calculadora-temperatura-basal,CALCULADORA;SALUD
https://hacecuentas.com/calculadora-temperatura-interna-carne-punto-coccion,CALCULADORA;COCINA
https://hacecuentas.com/calculadora-teorema-tales-proporcionalidad-segmentos,CALCULADORA;MATEMATICA
https://hacecuentas.com/calculadora-test-embarazo-cuando,CALCULADORA;SALUD
https://hacecuentas.com/calculadora-test-lenguaje-amor,CALCULADORA;VIDA
https://hacecuentas.com/calculadora-ticket-promedio-ventas,CALCULADORA;NEGOCIOS
https://hacecuentas.com/calculadora-tiempo-coccion-legumbres-remojo,CALCULADORA;COCINA
https://hacecuentas.com/calculadora-tiempo-temperatura-coccion-carne,CALCULADORA;COCINA
https://hacecuentas.com/calculadora-tiempo-completar-juego-horas,CALCULADORA;ENTRETENIMIENTO
https://hacecuentas.com/calculadora-tiempo-contenido-blog-roi-estimado,CALCULADORA;MARKETING
https://hacecuentas.com/calculadora-tiempo-descarga-archivo-internet,CALCULADORA;VIDA
https://hacecuentas.com/calculadora-tiempo-descongelado-metodo-peso-kg,CALCULADORA;COCINA
https://hacecuentas.com/calculadora-tiempo-descongelado-alimentos-peso,CALCULADORA;COCINA
https://hacecuentas.com/calculadora-tiempo-en-redes-sociales,CALCULADORA;ENTRETENIMIENTO
https://hacecuentas.com/calculadora-tiempo-estudio-examen,CALCULADORA;EDUCACION
https://hacecuentas.com/calculadora-tiempo-lectura-paginas-estudio,CALCULADORA;EDUCACION
https://hacecuentas.com/calculadora-tiempo-lectura-libro-paginas,CALCULADORA;VIDA
https://hacecuentas.com/calculadora-tiempo-marinado-carne-pescado,CALCULADORA;COCINA
https://hacecuentas.com/calculadora-tiempo-maraton-predictor,CALCULADORA;DEPORTES
https://hacecuentas.com/calculadora-tiempo-pantalla-ideal-edad,CALCULADORA;VIDA
https://hacecuentas.com/calculadora-tiempo-tesis-monografia,CALCULADORA;EDUCACION
https://hacecuentas.com/calculadora-tiempo-viaje-interestelar,CALCULADORA;CIENCIA
https://hacecuentas.com/calculadora-tierra-maceta-litros-volumen,CALCULADORA;JARDINERIA
https://hacecuentas.com/calculadora-time-lapse-duracion-fotos,CALCULADORA;ENTRETENIMIENTO
https://hacecuentas.com/calculadora-tipo-piel-test,CALCULADORA;SALUD
https://hacecuentas.com/calculadora-tir-van-inversion,CALCULADORA;FINANZAS
https://hacecuentas.com/calculadora-tornillos-durlock-placa-yeso-m2,CALCULADORA;CONSTRUCCION
https://hacecuentas.com/calculadora-transferencia-archivo-red-lan-tiempo,CALCULADORA;TECNOLOGIA
https://hacecuentas.com/calculadora-transformador-relacion-espiras,CALCULADORA;ELECTRONICA
https://hacecuentas.com/calculadora-transportadora-tamano-mascota-viaje,CALCULADORA;MASCOTAS
https://hacecuentas.com/calculadora-transposicion-acordes,CALCULADORA;ENTRETENIMIENTO
https://hacecuentas.com/calculadora-trigonometria-seno-coseno-tangente,CALCULADORA;MATEMATICA
https://hacecuentas.com/calculadora-trimestre-embarazo,CALCULADORA;SALUD
https://hacecuentas.com/calculadora-trivial-puntos-necesarios,CALCULADORA;ENTRETENIMIENTO
https://hacecuentas.com/calculadora-typing-speed,CALCULADORA;VIDA
https://hacecuentas.com/calculadora-uber-vs-auto-propio,CALCULADORA;VIDA
https://hacecuentas.com/calculadora-umbral-lactato-estimado,CALCULADORA;DEPORTES
https://hacecuentas.com/calculadora-uptime-porcentaje-minutos-caida,CALCULADORA;TECNOLOGIA
https://hacecuentas.com/calculadora-vacaciones-argentina,CALCULADORA;FINANZAS;ARGENTINA
https://hacecuentas.com/calculadora-vacunas-bebe-calendario,CALCULADORA;SALUD;ARGENTINA
https://hacecuentas.com/calculadora-vacunas-gato-calendario-gatito,CALCULADORA;MASCOTAS
https://hacecuentas.com/calculadora-vacunas-perro-calendario,CALCULADORA;MASCOTAS;ARGENTINA
https://hacecuentas.com/calculadora-valor-hora-trabajo,CALCULADORA;FINANZAS
https://hacecuentas.com/calculadora-dcf-valor-intrinseco-flujo-caja,CALCULADORA;NEGOCIOS
https://hacecuentas.com/calculadora-valor-pagina-vista-rpm,CALCULADORA;MARKETING
https://hacecuentas.com/calculadora-valuacion-startup-metodo-berkus,CALCULADORA;NEGOCIOS
https://hacecuentas.com/calculadora-vector-suma-resta-magnitud,CALCULADORA;MATEMATICA
https://hacecuentas.com/calculadora-velocidad-promedio-carrera-km-h,CALCULADORA;DEPORTES
https://hacecuentas.com/calculadora-velocidad-critica-natacion,CALCULADORA;DEPORTES
https://hacecuentas.com/calculadora-velocidad-distancia-tiempo-fisica,CALCULADORA;CIENCIA
https://hacecuentas.com/calculadora-velocidad-escape-planeta,CALCULADORA;CIENCIA
https://hacecuentas.com/calculadora-velocidad-internet-mbps-real,CALCULADORA;TECNOLOGIA
https://hacecuentas.com/calculadora-velocidad-lectura-comprension,CALCULADORA;EDUCACION
https://hacecuentas.com/calculadora-velocidad-lectura-wpm,CALCULADORA;EDUCACION
https://hacecuentas.com/calculadora-velocidad-orbital-satelite,CALCULADORA;CIENCIA
https://hacecuentas.com/calculadora-velocidad-pelota-futbol-tiro,CALCULADORA;DEPORTES
https://hacecuentas.com/calculadora-velocidad-promedio-trayecto-ciudad,CALCULADORA;VIDA
https://hacecuentas.com/calculadora-ventilacion-renovaciones-aire-hora,CALCULADORA;CONSTRUCCION
https://hacecuentas.com/calculadora-combustible-viaje-auto,CALCULADORA;VIAJES
https://hacecuentas.com/calculadora-dividir-gastos-viaje-amigos,CALCULADORA;VIAJES
https://hacecuentas.com/calculadora-presupuesto-viaje,CALCULADORA;VIAJES
https://hacecuentas.com/calculadora-vida-util-electrodomestico-anos,CALCULADORA;VIDA
https://hacecuentas.com/calculadora-video-bitrate-tamano-archivo,CALCULADORA;TECNOLOGIA
https://hacecuentas.com/calculadora-video-duracion-ideal-plataforma,CALCULADORA;ENTRETENIMIENTO
https://hacecuentas.com/calculadora-visa-requisitos-pasaporte-argentino,CALCULADORA;VIAJES
https://hacecuentas.com/calculadora-dioptrias-receta-optica,CALCULADORA;SALUD
https://hacecuentas.com/calculadora-vo2-max-test-cooper,CALCULADORA;DEPORTES
https://hacecuentas.com/calculadora-vo2max-test-cooper-12-minutos,CALCULADORA;DEPORTES
https://hacecuentas.com/calculadora-vo2max-estimado-sin-test,CALCULADORA;DEPORTES
https://hacecuentas.com/calculadora-volumen-excavacion-m3-tierra,CALCULADORA;CONSTRUCCION
https://hacecuentas.com/calculadora-wacc-costo-capital-promedio-ponderado,CALCULADORA;NEGOCIOS
https://hacecuentas.com/calculadora-yeso-cielorraso-placas-m2,CALCULADORA;CONSTRUCCION
https://hacecuentas.com/calculadora-z-score-valor-normal,CALCULADORA;MATEMATICA
https://hacecuentas.com/calculadora-zona-habitable-estrella,CALCULADORA;CIENCIA
https://hacecuentas.com/buscar,BUSCADOR
https://hacecuentas.com/glosario,GLOSARIO
https://hacecuentas.com/blog,BLOG
https://hacecuentas.com/sobre-nosotros,INSTITUCIONAL
https://hacecuentas.com/metodologia,INSTITUCIONAL
https://hacecuentas.com/politica-editorial,INSTITUCIONAL
https://hacecuentas.com/contacto,INSTITUCIONAL
